2026-02-21 16:52:23,242 - root - INFO - STARTING attendance (RTSP + InsightFace)
2026-02-21 16:52:23,243 - root - INFO - ROOT: C:\Users\BH RENOVATIONS\intelligent-monitoring-system
2026-02-21 16:52:23,243 - root - INFO - EMB_DIR: C:\Users\BH RENOVATIONS\intelligent-monitoring-system\models\embeddings
2026-02-21 16:52:23,243 - root - INFO - DB: C:\Users\BH RENOVATIONS\intelligent-monitoring-system\data\db\attendances.db
2026-02-21 16:52:23,245 - root - INFO - Loaded 2 known embeddings
2026-02-21 16:52:23,245 - root - INFO - Known identities: ['Amir', 'Nour']
2026-02-21 16:52:23,247 - root - INFO - Loaded 2 check-ins for today from DB.
2026-02-21 16:52:23,248 - root - INFO - Loading InsightFace model (buffalo_l)...
2026-02-21 16:52:25,110 - root - INFO - InsightFace initialized with CUDA provider.
2026-02-21 22:26:16,883 - root - INFO - STARTING attendance (RTSP + InsightFace)
2026-02-21 22:26:16,884 - root - INFO - ROOT: C:\Users\BH RENOVATIONS\intelligent-monitoring-system
2026-02-21 22:26:16,884 - root - INFO - EMB_DIR: C:\Users\BH RENOVATIONS\intelligent-monitoring-system\models\embeddings
2026-02-21 22:26:16,884 - root - INFO - DB: C:\Users\BH RENOVATIONS\intelligent-monitoring-system\data\db\attendances.db
2026-02-21 22:26:16,886 - root - INFO - Loaded 2 known embeddings
2026-02-21 22:26:16,886 - root - INFO - Known identities: ['Amir', 'Nour']
2026-02-21 22:26:16,889 - root - INFO - Loaded 2 check-ins for today from DB.
2026-02-21 22:26:16,889 - root - INFO - Loading InsightFace model (buffalo_l)...
2026-02-21 22:26:18,525 - root - INFO - InsightFace initialized with CUDA provider.
2026-02-21 22:27:49,647 - root - INFO - STARTING attendance (RTSP + InsightFace)
2026-02-21 22:27:49,647 - root - INFO - ROOT: C:\Users\BH RENOVATIONS\intelligent-monitoring-system
2026-02-21 22:27:49,648 - root - INFO - EMB_DIR: C:\Users\BH RENOVATIONS\intelligent-monitoring-system\models\embeddings
2026-02-21 22:27:49,648 - root - INFO - DB: C:\Users\BH RENOVATIONS\intelligent-monitoring-system\data\db\attendances.db
2026-02-21 22:27:49,649 - root - INFO - Loaded 2 known embeddings
2026-02-21 22:27:49,649 - root - INFO - Known identities: ['Amir', 'Nour']
2026-02-21 22:27:49,651 - root - INFO - Loaded 2 check-ins for today from DB.
2026-02-21 22:27:49,652 - root - INFO - Loading InsightFace model (buffalo_l)...
2026-02-21 22:27:51,154 - root - INFO - InsightFace initialized with CUDA provider.
2026-02-21 22:29:35,019 - root - INFO - STARTING attendance (RTSP + InsightFace)
2026-02-21 22:29:35,020 - root - INFO - ROOT: C:\Users\BH RENOVATIONS\intelligent-monitoring-system
2026-02-21 22:29:35,020 - root - INFO - EMB_DIR: C:\Users\BH RENOVATIONS\intelligent-monitoring-system\models\embeddings
2026-02-21 22:29:35,020 - root - INFO - DB: C:\Users\BH RENOVATIONS\intelligent-monitoring-system\data\db\attendances.db
2026-02-21 22:29:35,022 - root - INFO - Loaded 2 known embeddings
2026-02-21 22:29:35,022 - root - INFO - Known identities: ['Amir', 'Nour']
2026-02-21 22:29:35,024 - root - INFO - Loaded 2 check-ins for today from DB.
2026-02-21 22:29:35,024 - root - INFO - Loading InsightFace model (buffalo_l)...
2026-02-21 22:29:36,513 - root - INFO - InsightFace initialized with CUDA provider.
2026-02-21 22:29:36,827 - deep_sort_realtime.embedder.embedder_pytorch - INFO - MobileNetV2 Embedder for Deep Sort initialised
2026-02-21 22:29:36,828 - deep_sort_realtime.embedder.embedder_pytorch - INFO - - gpu enabled: True
2026-02-21 22:29:36,828 - deep_sort_realtime.embedder.embedder_pytorch - INFO - - half precision: True
2026-02-21 22:29:36,829 - deep_sort_realtime.embedder.embedder_pytorch - INFO - - max batch size: 16
2026-02-21 22:29:36,829 - deep_sort_realtime.embedder.embedder_pytorch - INFO - - expects BGR: True
2026-02-21 22:29:37,290 - deep_sort_realtime.deepsort_tracker - INFO - DeepSort Tracker initialised
2026-02-21 22:29:37,290 - deep_sort_realtime.deepsort_tracker - INFO - - max age: 30
2026-02-21 22:29:37,290 - deep_sort_realtime.deepsort_tracker - INFO - - appearance threshold: 0.3
2026-02-21 22:29:37,291 - deep_sort_realtime.deepsort_tracker - INFO - - nms threshold: OFF
2026-02-21 22:29:37,291 - deep_sort_realtime.deepsort_tracker - INFO - - max num of appearance features: 100
2026-02-21 22:29:37,291 - deep_sort_realtime.deepsort_tracker - INFO - - overriding track class : No
2026-02-21 22:29:37,291 - deep_sort_realtime.deepsort_tracker - INFO - - today given : No
2026-02-21 22:29:37,291 - deep_sort_realtime.deepsort_tracker - INFO - - in-build embedder : Yes
2026-02-21 22:29:37,292 - deep_sort_realtime.deepsort_tracker - INFO - - polygon detections : No
2026-02-21 22:29:37,292 - root - INFO - DeepSORT tracker initialized.
2026-02-21 22:29:37,311 - root - INFO - Anti-spoofing disabled. Rely on embedding quality for accuracy.
2026-02-21 22:29:38,839 - root - INFO - Warming up RTSP stream...
2026-02-21 22:29:39,305 - root - INFO - Got 15/15 frames
2026-02-21 22:29:39,814 - root - INFO - RTSP open: True
2026-02-21 22:29:42,749 - root - INFO - Cleaning up...
2026-02-21 22:29:42,767 - root - INFO - Done.
2026-02-21 22:32:11,597 - root - INFO - STARTING attendance (RTSP + InsightFace)
2026-02-21 22:32:11,598 - root - INFO - ROOT: C:\Users\BH RENOVATIONS\intelligent-monitoring-system
2026-02-21 22:32:11,598 - root - INFO - EMB_DIR: C:\Users\BH RENOVATIONS\intelligent-monitoring-system\models\embeddings
2026-02-21 22:32:11,598 - root - INFO - DB: C:\Users\BH RENOVATIONS\intelligent-monitoring-system\data\db\attendances.db
2026-02-21 22:32:11,600 - root - INFO - Loaded 2 known embeddings
2026-02-21 22:32:11,600 - root - INFO - Known identities: ['Amir', 'Nour']
2026-02-21 22:32:11,602 - root - INFO - Loaded 2 check-ins for today from DB.
2026-02-21 22:32:11,603 - root - INFO - Loading InsightFace model (buffalo_l)...
2026-02-21 22:32:13,121 - root - INFO - InsightFace initialized with CUDA provider.
2026-02-21 22:32:13,415 - deep_sort_realtime.embedder.embedder_pytorch - INFO - MobileNetV2 Embedder for Deep Sort initialised
2026-02-21 22:32:13,415 - deep_sort_realtime.embedder.embedder_pytorch - INFO - - gpu enabled: True
2026-02-21 22:32:13,415 - deep_sort_realtime.embedder.embedder_pytorch - INFO - - half precision: True
2026-02-21 22:32:13,417 - deep_sort_realtime.embedder.embedder_pytorch - INFO - - max batch size: 16
2026-02-21 22:32:13,417 - deep_sort_realtime.embedder.embedder_pytorch - INFO - - expects BGR: True
2026-02-21 22:32:13,622 - deep_sort_realtime.deepsort_tracker - INFO - DeepSort Tracker initialised
2026-02-21 22:32:13,622 - deep_sort_realtime.deepsort_tracker - INFO - - max age: 30
2026-02-21 22:32:13,622 - deep_sort_realtime.deepsort_tracker - INFO - - appearance threshold: 0.3
2026-02-21 22:32:13,623 - deep_sort_realtime.deepsort_tracker - INFO - - nms threshold: OFF
2026-02-21 22:32:13,623 - deep_sort_realtime.deepsort_tracker - INFO - - max num of appearance features: 100
2026-02-21 22:32:13,623 - deep_sort_realtime.deepsort_tracker - INFO - - overriding track class : No
2026-02-21 22:32:13,623 - deep_sort_realtime.deepsort_tracker - INFO - - today given : No
2026-02-21 22:32:13,623 - deep_sort_realtime.deepsort_tracker - INFO - - in-build embedder : Yes
2026-02-21 22:32:13,624 - deep_sort_realtime.deepsort_tracker - INFO - - polygon detections : No
2026-02-21 22:32:13,624 - root - INFO - DeepSORT tracker initialized.
2026-02-21 22:32:13,624 - root - INFO - Pipeline: Face Detection -> Recognition (ArcFace embeddings)
2026-02-21 22:32:13,624 - root - INFO - Anti-spoofing disabled. Rely on embedding quality for accuracy.
2026-02-21 22:32:15,627 - root - INFO - Warming up RTSP stream...
2026-02-21 22:32:16,093 - root - INFO - Got 15/15 frames
2026-02-21 22:32:16,599 - root - INFO - RTSP open: True
2026-02-21 22:32:16,730 - root - INFO - Cleaning up...
2026-02-21 22:32:16,734 - root - INFO - Done.
2026-02-21 22:35:20,076 - root - INFO - STARTING attendance (RTSP + InsightFace)
2026-02-21 22:35:20,076 - root - INFO - ROOT: C:\Users\BH RENOVATIONS\intelligent-monitoring-system
2026-02-21 22:35:20,077 - root - INFO - EMB_DIR: C:\Users\BH RENOVATIONS\intelligent-monitoring-system\models\embeddings
2026-02-21 22:35:20,077 - root - INFO - DB: C:\Users\BH RENOVATIONS\intelligent-monitoring-system\data\db\attendances.db
2026-02-21 22:35:20,078 - root - INFO - Loaded 2 known embeddings
2026-02-21 22:35:20,079 - root - INFO - Known identities: ['Amir', 'Nour']
2026-02-21 22:35:20,082 - root - INFO - Loaded 2 check-ins for today from DB.
2026-02-21 22:35:20,083 - root - INFO - Loading InsightFace model (buffalo_l)...
2026-02-21 22:35:21,674 - root - INFO - InsightFace initialized with CUDA provider.
2026-02-21 22:35:21,973 - deep_sort_realtime.embedder.embedder_pytorch - INFO - MobileNetV2 Embedder for Deep Sort initialised
2026-02-21 22:35:21,974 - deep_sort_realtime.embedder.embedder_pytorch - INFO - - gpu enabled: True
2026-02-21 22:35:21,974 - deep_sort_realtime.embedder.embedder_pytorch - INFO - - half precision: True
2026-02-21 22:35:21,975 - deep_sort_realtime.embedder.embedder_pytorch - INFO - - max batch size: 16
2026-02-21 22:35:21,975 - deep_sort_realtime.embedder.embedder_pytorch - INFO - - expects BGR: True
2026-02-21 22:35:22,185 - deep_sort_realtime.deepsort_tracker - INFO - DeepSort Tracker initialised
2026-02-21 22:35:22,186 - deep_sort_realtime.deepsort_tracker - INFO - - max age: 30
2026-02-21 22:35:22,186 - deep_sort_realtime.deepsort_tracker - INFO - - appearance threshold: 0.3
2026-02-21 22:35:22,186 - deep_sort_realtime.deepsort_tracker - INFO - - nms threshold: OFF
2026-02-21 22:35:22,187 - deep_sort_realtime.deepsort_tracker - INFO - - max num of appearance features: 100
2026-02-21 22:35:22,187 - deep_sort_realtime.deepsort_tracker - INFO - - overriding track class : No
2026-02-21 22:35:22,187 - deep_sort_realtime.deepsort_tracker - INFO - - today given : No
2026-02-21 22:35:22,187 - deep_sort_realtime.deepsort_tracker - INFO - - in-build embedder : Yes
2026-02-21 22:35:22,188 - deep_sort_realtime.deepsort_tracker - INFO - - polygon detections : No
2026-02-21 22:35:22,188 - root - INFO - DeepSORT tracker initialized.
2026-02-21 22:35:22,188 - root - INFO - Pipeline: Face Detection -> Recognition (ArcFace embeddings)
2026-02-21 22:35:22,188 - root - INFO - Anti-spoofing disabled. Rely on embedding quality for accuracy.
2026-02-21 22:35:23,231 - root - INFO - Warming up RTSP stream...
2026-02-21 22:35:23,696 - root - INFO - Got 15/15 frames
2026-02-21 22:35:24,207 - root - INFO - RTSP open: True
2026-02-21 22:35:30,178 - root - INFO - Cleaning up...
2026-02-21 22:35:30,191 - root - INFO - Done.
2026-02-21 22:39:36,516 - root - INFO - STARTING attendance (RTSP + InsightFace)
2026-02-21 22:39:36,516 - root - INFO - ROOT: C:\Users\BH RENOVATIONS\intelligent-monitoring-system
2026-02-21 22:39:36,517 - root - INFO - EMB_DIR: C:\Users\BH RENOVATIONS\intelligent-monitoring-system\models\embeddings
2026-02-21 22:39:36,517 - root - INFO - DB: C:\Users\BH RENOVATIONS\intelligent-monitoring-system\data\db\attendances.db
2026-02-21 22:39:36,519 - root - INFO - Loaded 2 known embeddings
2026-02-21 22:39:36,520 - root - INFO - Known identities: ['Amir', 'Nour']
2026-02-21 22:39:36,522 - root - INFO - Loaded 2 check-ins for today from DB.
2026-02-21 22:39:36,522 - root - INFO - Loading InsightFace model (buffalo_l)...
2026-02-21 22:39:38,048 - root - INFO - InsightFace initialized with CUDA provider.
2026-02-21 22:39:38,345 - deep_sort_realtime.embedder.embedder_pytorch - INFO - MobileNetV2 Embedder for Deep Sort initialised
2026-02-21 22:39:38,345 - deep_sort_realtime.embedder.embedder_pytorch - INFO - - gpu enabled: True
2026-02-21 22:39:38,345 - deep_sort_realtime.embedder.embedder_pytorch - INFO - - half precision: True
2026-02-21 22:39:38,346 - deep_sort_realtime.embedder.embedder_pytorch - INFO - - max batch size: 16
2026-02-21 22:39:38,346 - deep_sort_realtime.embedder.embedder_pytorch - INFO - - expects BGR: True
2026-02-21 22:39:38,551 - deep_sort_realtime.deepsort_tracker - INFO - DeepSort Tracker initialised
2026-02-21 22:39:38,552 - deep_sort_realtime.deepsort_tracker - INFO - - max age: 30
2026-02-21 22:39:38,552 - deep_sort_realtime.deepsort_tracker - INFO - - appearance threshold: 0.3
2026-02-21 22:39:38,552 - deep_sort_realtime.deepsort_tracker - INFO - - nms threshold: OFF
2026-02-21 22:39:38,553 - deep_sort_realtime.deepsort_tracker - INFO - - max num of appearance features: 100
2026-02-21 22:39:38,553 - deep_sort_realtime.deepsort_tracker - INFO - - overriding track class : No
2026-02-21 22:39:38,553 - deep_sort_realtime.deepsort_tracker - INFO - - today given : No
2026-02-21 22:39:38,553 - deep_sort_realtime.deepsort_tracker - INFO - - in-build embedder : Yes
2026-02-21 22:39:38,553 - deep_sort_realtime.deepsort_tracker - INFO - - polygon detections : No
2026-02-21 22:39:38,554 - root - INFO - DeepSORT tracker initialized.
2026-02-21 22:39:38,554 - root - INFO - Pipeline: Face Detection -> Recognition (ArcFace embeddings)
2026-02-21 22:39:38,554 - root - INFO - Anti-spoofing disabled. Rely on embedding quality for accuracy.
2026-02-21 22:39:40,523 - root - INFO - Warming up RTSP stream...
2026-02-21 22:39:40,979 - root - INFO - Got 15/15 frames
2026-02-21 22:39:41,492 - root - INFO - RTSP open: True
2026-02-21 22:39:44,108 - root - INFO - Cleaning up...
2026-02-21 22:39:44,126 - root - INFO - Done.
2026-02-21 22:41:21,915 - root - INFO - STARTING attendance (RTSP + InsightFace)
2026-02-21 22:41:21,915 - root - INFO - ROOT: C:\Users\BH RENOVATIONS\intelligent-monitoring-system
2026-02-21 22:41:21,915 - root - INFO - EMB_DIR: C:\Users\BH RENOVATIONS\intelligent-monitoring-system\models\embeddings
2026-02-21 22:41:21,915 - root - INFO - DB: C:\Users\BH RENOVATIONS\intelligent-monitoring-system\data\db\attendances.db
2026-02-21 22:41:21,917 - root - INFO - Loaded 2 known embeddings
2026-02-21 22:41:21,917 - root - INFO - Known identities: ['Amir', 'Nour']
2026-02-21 22:41:21,919 - root - INFO - Loaded 2 check-ins for today from DB.
2026-02-21 22:41:21,919 - root - INFO - Loading InsightFace model (buffalo_l)...
2026-02-21 22:41:23,440 - root - INFO - InsightFace initialized with CUDA provider.
2026-02-21 22:41:23,741 - deep_sort_realtime.embedder.embedder_pytorch - INFO - MobileNetV2 Embedder for Deep Sort initialised
2026-02-21 22:41:23,742 - deep_sort_realtime.embedder.embedder_pytorch - INFO - - gpu enabled: True
2026-02-21 22:41:23,742 - deep_sort_realtime.embedder.embedder_pytorch - INFO - - half precision: True
2026-02-21 22:41:23,742 - deep_sort_realtime.embedder.embedder_pytorch - INFO - - max batch size: 16
2026-02-21 22:41:23,742 - deep_sort_realtime.embedder.embedder_pytorch - INFO - - expects BGR: True
2026-02-21 22:41:23,943 - deep_sort_realtime.deepsort_tracker - INFO - DeepSort Tracker initialised
2026-02-21 22:41:23,943 - deep_sort_realtime.deepsort_tracker - INFO - - max age: 30
2026-02-21 22:41:23,944 - deep_sort_realtime.deepsort_tracker - INFO - - appearance threshold: 0.3
2026-02-21 22:41:23,944 - deep_sort_realtime.deepsort_tracker - INFO - - nms threshold: OFF
2026-02-21 22:41:23,944 - deep_sort_realtime.deepsort_tracker - INFO - - max num of appearance features: 100
2026-02-21 22:41:23,944 - deep_sort_realtime.deepsort_tracker - INFO - - overriding track class : No
2026-02-21 22:41:23,944 - deep_sort_realtime.deepsort_tracker - INFO - - today given : No
2026-02-21 22:41:23,945 - deep_sort_realtime.deepsort_tracker - INFO - - in-build embedder : Yes
2026-02-21 22:41:23,945 - deep_sort_realtime.deepsort_tracker - INFO - - polygon detections : No
2026-02-21 22:41:23,945 - root - INFO - DeepSORT tracker initialized.
2026-02-21 22:41:23,945 - root - INFO - Pipeline: Face Detection -> Recognition (ArcFace embeddings)
2026-02-21 22:41:23,945 - root - INFO - Anti-spoofing disabled. Rely on embedding quality for accuracy.
2026-02-21 22:41:25,022 - root - INFO - Warming up RTSP stream...
2026-02-21 22:41:25,482 - root - INFO - Got 15/15 frames
2026-02-21 22:41:25,992 - root - INFO - RTSP open: True
2026-02-21 22:41:26,394 - root - INFO - Cleaning up...
2026-02-21 22:41:26,413 - root - INFO - Done.
2026-02-21 22:43:04,698 - root - INFO - STARTING attendance (RTSP + InsightFace)
2026-02-21 22:43:04,698 - root - INFO - ROOT: C:\Users\BH RENOVATIONS\intelligent-monitoring-system
2026-02-21 22:43:04,698 - root - INFO - EMB_DIR: C:\Users\BH RENOVATIONS\intelligent-monitoring-system\models\embeddings
2026-02-21 22:43:04,699 - root - INFO - DB: C:\Users\BH RENOVATIONS\intelligent-monitoring-system\data\db\attendances.db
2026-02-21 22:43:04,700 - root - INFO - Loaded 2 known embeddings
2026-02-21 22:43:04,700 - root - INFO - Known identities: ['Amir', 'Nour']
2026-02-21 22:43:04,702 - root - INFO - Loaded 2 check-ins for today from DB.
2026-02-21 22:43:04,703 - root - INFO - Loading InsightFace model (buffalo_l)...
2026-02-21 22:43:06,187 - root - INFO - InsightFace initialized with CUDA provider.
2026-02-21 22:43:06,470 - deep_sort_realtime.embedder.embedder_pytorch - INFO - MobileNetV2 Embedder for Deep Sort initialised
2026-02-21 22:43:06,470 - deep_sort_realtime.embedder.embedder_pytorch - INFO - - gpu enabled: True
2026-02-21 22:43:06,471 - deep_sort_realtime.embedder.embedder_pytorch - INFO - - half precision: True
2026-02-21 22:43:06,471 - deep_sort_realtime.embedder.embedder_pytorch - INFO - - max batch size: 16
2026-02-21 22:43:06,471 - deep_sort_realtime.embedder.embedder_pytorch - INFO - - expects BGR: True
2026-02-21 22:43:06,680 - deep_sort_realtime.deepsort_tracker - INFO - DeepSort Tracker initialised
2026-02-21 22:43:06,680 - deep_sort_realtime.deepsort_tracker - INFO - - max age: 30
2026-02-21 22:43:06,680 - deep_sort_realtime.deepsort_tracker - INFO - - appearance threshold: 0.3
2026-02-21 22:43:06,681 - deep_sort_realtime.deepsort_tracker - INFO - - nms threshold: OFF
2026-02-21 22:43:06,681 - deep_sort_realtime.deepsort_tracker - INFO - - max num of appearance features: 100
2026-02-21 22:43:06,681 - deep_sort_realtime.deepsort_tracker - INFO - - overriding track class : No
2026-02-21 22:43:06,681 - deep_sort_realtime.deepsort_tracker - INFO - - today given : No
2026-02-21 22:43:06,682 - deep_sort_realtime.deepsort_tracker - INFO - - in-build embedder : Yes
2026-02-21 22:43:06,682 - deep_sort_realtime.deepsort_tracker - INFO - - polygon detections : No
2026-02-21 22:43:06,682 - root - INFO - DeepSORT tracker initialized.
2026-02-21 22:43:06,682 - root - INFO - Pipeline: Face Detection -> Recognition (ArcFace embeddings)
2026-02-21 22:43:06,682 - root - INFO - Anti-spoofing disabled. Rely on embedding quality for accuracy.
2026-02-21 22:43:07,775 - root - INFO - Warming up RTSP stream...
2026-02-21 22:43:08,245 - root - INFO - Got 15/15 frames
2026-02-21 22:43:08,757 - root - INFO - RTSP open: True
2026-02-21 22:43:09,708 - root - INFO - Cleaning up...
2026-02-21 22:43:09,726 - root - INFO - Done.
2026-02-21 22:43:40,573 - root - INFO - STARTING attendance (RTSP + InsightFace)
2026-02-21 22:43:40,574 - root - INFO - ROOT: C:\Users\BH RENOVATIONS\intelligent-monitoring-system
2026-02-21 22:43:40,574 - root - INFO - EMB_DIR: C:\Users\BH RENOVATIONS\intelligent-monitoring-system\models\embeddings
2026-02-21 22:43:40,574 - root - INFO - DB: C:\Users\BH RENOVATIONS\intelligent-monitoring-system\data\db\attendances.db
2026-02-21 22:43:40,576 - root - INFO - Loaded 2 known embeddings
2026-02-21 22:43:40,577 - root - INFO - Known identities: ['Amir', 'Nour']
2026-02-21 22:43:40,579 - root - INFO - Loaded 2 check-ins for today from DB.
2026-02-21 22:43:40,579 - root - INFO - Loading InsightFace model (buffalo_l)...
2026-02-21 22:43:42,088 - root - INFO - InsightFace initialized with CUDA provider.
2026-02-21 22:43:42,422 - deep_sort_realtime.embedder.embedder_pytorch - INFO - MobileNetV2 Embedder for Deep Sort initialised
2026-02-21 22:43:42,423 - deep_sort_realtime.embedder.embedder_pytorch - INFO - - gpu enabled: True
2026-02-21 22:43:42,423 - deep_sort_realtime.embedder.embedder_pytorch - INFO - - half precision: True
2026-02-21 22:43:42,423 - deep_sort_realtime.embedder.embedder_pytorch - INFO - - max batch size: 16
2026-02-21 22:43:42,423 - deep_sort_realtime.embedder.embedder_pytorch - INFO - - expects BGR: True
2026-02-21 22:43:42,627 - deep_sort_realtime.deepsort_tracker - INFO - DeepSort Tracker initialised
2026-02-21 22:43:42,628 - deep_sort_realtime.deepsort_tracker - INFO - - max age: 30
2026-02-21 22:43:42,628 - deep_sort_realtime.deepsort_tracker - INFO - - appearance threshold: 0.3
2026-02-21 22:43:42,628 - deep_sort_realtime.deepsort_tracker - INFO - - nms threshold: OFF
2026-02-21 22:43:42,628 - deep_sort_realtime.deepsort_tracker - INFO - - max num of appearance features: 100
2026-02-21 22:43:42,629 - deep_sort_realtime.deepsort_tracker - INFO - - overriding track class : No
2026-02-21 22:43:42,629 - deep_sort_realtime.deepsort_tracker - INFO - - today given : No
2026-02-21 22:43:42,629 - deep_sort_realtime.deepsort_tracker - INFO - - in-build embedder : Yes
2026-02-21 22:43:42,629 - deep_sort_realtime.deepsort_tracker - INFO - - polygon detections : No
2026-02-21 22:43:42,629 - root - INFO - DeepSORT tracker initialized.
2026-02-21 22:43:42,630 - root - INFO - Pipeline: Face Detection -> Recognition (ArcFace embeddings)
2026-02-21 22:43:42,630 - root - INFO - Anti-spoofing disabled. Rely on embedding quality for accuracy.
2026-02-21 22:43:43,912 - root - INFO - Warming up RTSP stream...
2026-02-21 22:43:44,379 - root - INFO - Got 15/15 frames
2026-02-21 22:43:44,890 - root - INFO - RTSP open: True
2026-02-21 22:43:45,657 - root - INFO - Cleaning up...
2026-02-21 22:43:45,676 - root - INFO - Done.
2026-02-21 22:45:52,052 - root - INFO - STARTING attendance (RTSP + InsightFace)
2026-02-21 22:45:52,052 - root - INFO - ROOT: C:\Users\BH RENOVATIONS\intelligent-monitoring-system
2026-02-21 22:45:52,052 - root - INFO - EMB_DIR: C:\Users\BH RENOVATIONS\intelligent-monitoring-system\models\embeddings
2026-02-21 22:45:52,052 - root - INFO - DB: C:\Users\BH RENOVATIONS\intelligent-monitoring-system\data\db\attendances.db
2026-02-21 22:45:52,054 - root - INFO - Loaded 2 known embeddings
2026-02-21 22:45:52,054 - root - INFO - Known identities: ['Amir', 'Nour']
2026-02-21 22:45:52,056 - root - INFO - Loaded 2 check-ins for today from DB.
2026-02-21 22:45:52,056 - root - INFO - Loading InsightFace model (buffalo_l)...
2026-02-21 22:45:53,636 - root - INFO - InsightFace initialized with CUDA provider.
2026-02-21 22:45:53,950 - deep_sort_realtime.embedder.embedder_pytorch - INFO - MobileNetV2 Embedder for Deep Sort initialised
2026-02-21 22:45:53,951 - deep_sort_realtime.embedder.embedder_pytorch - INFO - - gpu enabled: True
2026-02-21 22:45:53,951 - deep_sort_realtime.embedder.embedder_pytorch - INFO - - half precision: True
2026-02-21 22:45:53,951 - deep_sort_realtime.embedder.embedder_pytorch - INFO - - max batch size: 16
2026-02-21 22:45:53,952 - deep_sort_realtime.embedder.embedder_pytorch - INFO - - expects BGR: True
2026-02-21 22:45:54,164 - deep_sort_realtime.deepsort_tracker - INFO - DeepSort Tracker initialised
2026-02-21 22:45:54,164 - deep_sort_realtime.deepsort_tracker - INFO - - max age: 30
2026-02-21 22:45:54,164 - deep_sort_realtime.deepsort_tracker - INFO - - appearance threshold: 0.3
2026-02-21 22:45:54,165 - deep_sort_realtime.deepsort_tracker - INFO - - nms threshold: OFF
2026-02-21 22:45:54,165 - deep_sort_realtime.deepsort_tracker - INFO - - max num of appearance features: 100
2026-02-21 22:45:54,165 - deep_sort_realtime.deepsort_tracker - INFO - - overriding track class : No
2026-02-21 22:45:54,166 - deep_sort_realtime.deepsort_tracker - INFO - - today given : No
2026-02-21 22:45:54,166 - deep_sort_realtime.deepsort_tracker - INFO - - in-build embedder : Yes
2026-02-21 22:45:54,166 - deep_sort_realtime.deepsort_tracker - INFO - - polygon detections : No
2026-02-21 22:45:54,166 - root - INFO - DeepSORT tracker initialized.
2026-02-21 22:45:54,166 - root - INFO - Pipeline: Face Detection -> Recognition (ArcFace embeddings)
2026-02-21 22:45:54,167 - root - INFO - Anti-spoofing disabled. Rely on embedding quality for accuracy.
2026-02-21 22:45:55,202 - root - INFO - Warming up RTSP stream...
2026-02-21 22:45:55,671 - root - INFO - Got 15/15 frames
2026-02-21 22:45:56,184 - root - INFO - RTSP open: True
2026-02-21 22:45:57,476 - root - INFO - Cleaning up...
2026-02-21 22:45:57,482 - root - INFO - Done.
2026-02-21 22:46:12,295 - root - INFO - STARTING attendance (RTSP + InsightFace)
2026-02-21 22:46:12,296 - root - INFO - ROOT: C:\Users\BH RENOVATIONS\intelligent-monitoring-system
2026-02-21 22:46:12,296 - root - INFO - EMB_DIR: C:\Users\BH RENOVATIONS\intelligent-monitoring-system\models\embeddings
2026-02-21 22:46:12,296 - root - INFO - DB: C:\Users\BH RENOVATIONS\intelligent-monitoring-system\data\db\attendances.db
2026-02-21 22:46:12,298 - root - INFO - Loaded 2 known embeddings
2026-02-21 22:46:12,298 - root - INFO - Known identities: ['Amir', 'Nour']
2026-02-21 22:46:12,300 - root - INFO - Loaded 2 check-ins for today from DB.
2026-02-21 22:46:12,300 - root - INFO - Loading InsightFace model (buffalo_l)...
2026-02-21 22:46:13,791 - root - INFO - InsightFace initialized with CUDA provider.
2026-02-21 22:46:14,077 - deep_sort_realtime.embedder.embedder_pytorch - INFO - MobileNetV2 Embedder for Deep Sort initialised
2026-02-21 22:46:14,078 - deep_sort_realtime.embedder.embedder_pytorch - INFO - - gpu enabled: True
2026-02-21 22:46:14,078 - deep_sort_realtime.embedder.embedder_pytorch - INFO - - half precision: True
2026-02-21 22:46:14,078 - deep_sort_realtime.embedder.embedder_pytorch - INFO - - max batch size: 16
2026-02-21 22:46:14,078 - deep_sort_realtime.embedder.embedder_pytorch - INFO - - expects BGR: True
2026-02-21 22:46:14,279 - deep_sort_realtime.deepsort_tracker - INFO - DeepSort Tracker initialised
2026-02-21 22:46:14,279 - deep_sort_realtime.deepsort_tracker - INFO - - max age: 30
2026-02-21 22:46:14,279 - deep_sort_realtime.deepsort_tracker - INFO - - appearance threshold: 0.3
2026-02-21 22:46:14,279 - deep_sort_realtime.deepsort_tracker - INFO - - nms threshold: OFF
2026-02-21 22:46:14,280 - deep_sort_realtime.deepsort_tracker - INFO - - max num of appearance features: 100
2026-02-21 22:46:14,280 - deep_sort_realtime.deepsort_tracker - INFO - - overriding track class : No
2026-02-21 22:46:14,280 - deep_sort_realtime.deepsort_tracker - INFO - - today given : No
2026-02-21 22:46:14,280 - deep_sort_realtime.deepsort_tracker - INFO - - in-build embedder : Yes
2026-02-21 22:46:14,280 - deep_sort_realtime.deepsort_tracker - INFO - - polygon detections : No
2026-02-21 22:46:14,281 - root - INFO - DeepSORT tracker initialized.
2026-02-21 22:46:14,281 - root - INFO - Pipeline: Face Detection -> Recognition (ArcFace embeddings)
2026-02-21 22:46:14,281 - root - INFO - Anti-spoofing disabled. Rely on embedding quality for accuracy.
2026-02-21 22:46:15,351 - root - INFO - Warming up RTSP stream...
2026-02-21 22:46:15,824 - root - INFO - Got 15/15 frames
2026-02-21 22:46:16,335 - root - INFO - RTSP open: True
2026-02-21 22:46:16,665 - root - INFO - Cleaning up...
2026-02-21 22:46:16,670 - root - INFO - Done.
2026-02-21 22:47:20,975 - root - INFO - STARTING attendance (RTSP + InsightFace)
2026-02-21 22:47:20,976 - root - INFO - ROOT: C:\Users\BH RENOVATIONS\intelligent-monitoring-system
2026-02-21 22:47:20,976 - root - INFO - EMB_DIR: C:\Users\BH RENOVATIONS\intelligent-monitoring-system\models\embeddings
2026-02-21 22:47:20,976 - root - INFO - DB: C:\Users\BH RENOVATIONS\intelligent-monitoring-system\data\db\attendances.db
2026-02-21 22:47:20,978 - root - INFO - Loaded 2 known embeddings
2026-02-21 22:47:20,978 - root - INFO - Known identities: ['Amir', 'Nour']
2026-02-21 22:47:20,980 - root - INFO - Loaded 2 check-ins for today from DB.
2026-02-21 22:47:20,981 - root - INFO - Loading InsightFace model (buffalo_l)...
2026-02-21 22:47:22,487 - root - INFO - InsightFace initialized with CUDA provider.
2026-02-21 22:47:22,771 - deep_sort_realtime.embedder.embedder_pytorch - INFO - MobileNetV2 Embedder for Deep Sort initialised
2026-02-21 22:47:22,771 - deep_sort_realtime.embedder.embedder_pytorch - INFO - - gpu enabled: True
2026-02-21 22:47:22,772 - deep_sort_realtime.embedder.embedder_pytorch - INFO - - half precision: True
2026-02-21 22:47:22,772 - deep_sort_realtime.embedder.embedder_pytorch - INFO - - max batch size: 16
2026-02-21 22:47:22,772 - deep_sort_realtime.embedder.embedder_pytorch - INFO - - expects BGR: True
2026-02-21 22:47:22,978 - deep_sort_realtime.deepsort_tracker - INFO - DeepSort Tracker initialised
2026-02-21 22:47:22,978 - deep_sort_realtime.deepsort_tracker - INFO - - max age: 30
2026-02-21 22:47:22,978 - deep_sort_realtime.deepsort_tracker - INFO - - appearance threshold: 0.3
2026-02-21 22:47:22,978 - deep_sort_realtime.deepsort_tracker - INFO - - nms threshold: OFF
2026-02-21 22:47:22,980 - deep_sort_realtime.deepsort_tracker - INFO - - max num of appearance features: 100
2026-02-21 22:47:22,980 - deep_sort_realtime.deepsort_tracker - INFO - - overriding track class : No
2026-02-21 22:47:22,980 - deep_sort_realtime.deepsort_tracker - INFO - - today given : No
2026-02-21 22:47:22,980 - deep_sort_realtime.deepsort_tracker - INFO - - in-build embedder : Yes
2026-02-21 22:47:22,980 - deep_sort_realtime.deepsort_tracker - INFO - - polygon detections : No
2026-02-21 22:47:22,980 - root - INFO - DeepSORT tracker initialized.
2026-02-21 22:47:22,981 - root - INFO - Pipeline: Face Detection -> Recognition (ArcFace embeddings)
2026-02-21 22:47:22,981 - root - INFO - Anti-spoofing disabled. Rely on embedding quality for accuracy.
2026-02-21 22:47:24,025 - root - INFO - Warming up RTSP stream...
2026-02-21 22:47:24,479 - root - INFO - Got 15/15 frames
2026-02-21 22:47:24,993 - root - INFO - RTSP open: True
2026-02-21 22:47:27,242 - root - INFO - Cleaning up...
2026-02-21 22:47:27,253 - root - INFO - Done.
2026-02-21 22:49:03,035 - root - INFO - STARTING attendance (RTSP + InsightFace)
2026-02-21 22:49:03,036 - root - INFO - ROOT: C:\Users\BH RENOVATIONS\intelligent-monitoring-system
2026-02-21 22:49:03,036 - root - INFO - EMB_DIR: C:\Users\BH RENOVATIONS\intelligent-monitoring-system\models\embeddings
2026-02-21 22:49:03,037 - root - INFO - DB: C:\Users\BH RENOVATIONS\intelligent-monitoring-system\data\db\attendances.db
2026-02-21 22:49:03,038 - root - INFO - Loaded 2 known embeddings
2026-02-21 22:49:03,039 - root - INFO - Known identities: ['Amir', 'Nour']
2026-02-21 22:49:03,042 - root - INFO - Loaded 2 check-ins for today from DB.
2026-02-21 22:49:03,042 - root - INFO - Loading InsightFace model (buffalo_l)...
2026-02-21 22:49:04,574 - root - INFO - InsightFace initialized with CUDA provider.
2026-02-21 22:49:04,877 - deep_sort_realtime.embedder.embedder_pytorch - INFO - MobileNetV2 Embedder for Deep Sort initialised
2026-02-21 22:49:04,878 - deep_sort_realtime.embedder.embedder_pytorch - INFO - - gpu enabled: True
2026-02-21 22:49:04,878 - deep_sort_realtime.embedder.embedder_pytorch - INFO - - half precision: True
2026-02-21 22:49:04,878 - deep_sort_realtime.embedder.embedder_pytorch - INFO - - max batch size: 16
2026-02-21 22:49:04,878 - deep_sort_realtime.embedder.embedder_pytorch - INFO - - expects BGR: True
2026-02-21 22:49:05,082 - deep_sort_realtime.deepsort_tracker - INFO - DeepSort Tracker initialised
2026-02-21 22:49:05,082 - deep_sort_realtime.deepsort_tracker - INFO - - max age: 30
2026-02-21 22:49:05,082 - deep_sort_realtime.deepsort_tracker - INFO - - appearance threshold: 0.3
2026-02-21 22:49:05,082 - deep_sort_realtime.deepsort_tracker - INFO - - nms threshold: OFF
2026-02-21 22:49:05,083 - deep_sort_realtime.deepsort_tracker - INFO - - max num of appearance features: 100
2026-02-21 22:49:05,083 - deep_sort_realtime.deepsort_tracker - INFO - - overriding track class : No
2026-02-21 22:49:05,083 - deep_sort_realtime.deepsort_tracker - INFO - - today given : No
2026-02-21 22:49:05,083 - deep_sort_realtime.deepsort_tracker - INFO - - in-build embedder : Yes
2026-02-21 22:49:05,083 - deep_sort_realtime.deepsort_tracker - INFO - - polygon detections : No
2026-02-21 22:49:05,084 - root - INFO - DeepSORT tracker initialized.
2026-02-21 22:49:05,084 - root - INFO - Pipeline: Face Detection -> Recognition (ArcFace embeddings)
2026-02-21 22:49:05,084 - root - INFO - Anti-spoofing disabled. Rely on embedding quality for accuracy.
2026-02-21 22:49:06,168 - root - INFO - Warming up RTSP stream...
2026-02-21 22:49:06,638 - root - INFO - Got 15/15 frames
2026-02-21 22:49:07,147 - root - INFO - RTSP open: True
2026-02-21 22:49:07,485 - root - INFO - Cleaning up...
2026-02-21 22:49:07,489 - root - INFO - Done.
2026-02-21 22:50:34,242 - root - INFO - STARTING attendance (RTSP + InsightFace)
2026-02-21 22:50:34,242 - root - INFO - ROOT: C:\Users\BH RENOVATIONS\intelligent-monitoring-system
2026-02-21 22:50:34,242 - root - INFO - EMB_DIR: C:\Users\BH RENOVATIONS\intelligent-monitoring-system\models\embeddings
2026-02-21 22:50:34,242 - root - INFO - DB: C:\Users\BH RENOVATIONS\intelligent-monitoring-system\data\db\attendances.db
2026-02-21 22:50:34,244 - root - INFO - Loaded 2 known embeddings
2026-02-21 22:50:34,244 - root - INFO - Known identities: ['Amir', 'Nour']
2026-02-21 22:50:34,247 - root - INFO - Loaded 2 check-ins for today from DB.
2026-02-21 22:50:34,247 - root - INFO - Loading InsightFace model (buffalo_l)...
2026-02-21 22:50:35,798 - root - INFO - InsightFace initialized with CUDA provider.
2026-02-21 22:50:36,170 - deep_sort_realtime.embedder.embedder_pytorch - INFO - MobileNetV2 Embedder for Deep Sort initialised
2026-02-21 22:50:36,171 - deep_sort_realtime.embedder.embedder_pytorch - INFO - - gpu enabled: True
2026-02-21 22:50:36,172 - deep_sort_realtime.embedder.embedder_pytorch - INFO - - half precision: True
2026-02-21 22:50:36,172 - deep_sort_realtime.embedder.embedder_pytorch - INFO - - max batch size: 16
2026-02-21 22:50:36,172 - deep_sort_realtime.embedder.embedder_pytorch - INFO - - expects BGR: True
2026-02-21 22:50:36,423 - deep_sort_realtime.deepsort_tracker - INFO - DeepSort Tracker initialised
2026-02-21 22:50:36,424 - deep_sort_realtime.deepsort_tracker - INFO - - max age: 30
2026-02-21 22:50:36,424 - deep_sort_realtime.deepsort_tracker - INFO - - appearance threshold: 0.3
2026-02-21 22:50:36,424 - deep_sort_realtime.deepsort_tracker - INFO - - nms threshold: OFF
2026-02-21 22:50:36,424 - deep_sort_realtime.deepsort_tracker - INFO - - max num of appearance features: 100
2026-02-21 22:50:36,425 - deep_sort_realtime.deepsort_tracker - INFO - - overriding track class : No
2026-02-21 22:50:36,425 - deep_sort_realtime.deepsort_tracker - INFO - - today given : No
2026-02-21 22:50:36,425 - deep_sort_realtime.deepsort_tracker - INFO - - in-build embedder : Yes
2026-02-21 22:50:36,425 - deep_sort_realtime.deepsort_tracker - INFO - - polygon detections : No
2026-02-21 22:50:36,426 - root - INFO - DeepSORT tracker initialized.
2026-02-21 22:50:36,426 - root - INFO - Pipeline: Face Detection -> Recognition (ArcFace embeddings)
2026-02-21 22:50:36,426 - root - INFO - Anti-spoofing disabled. Rely on embedding quality for accuracy.
2026-02-21 22:50:37,480 - root - INFO - Warming up RTSP stream...
2026-02-21 22:50:37,944 - root - INFO - Got 15/15 frames
2026-02-21 22:50:38,457 - root - INFO - RTSP open: True
2026-02-21 22:50:41,217 - root - INFO - Cleaning up...
2026-02-21 22:50:41,231 - root - INFO - Done.
2026-02-21 22:51:46,815 - root - INFO - STARTING attendance (RTSP + InsightFace)
2026-02-21 22:51:46,816 - root - INFO - ROOT: C:\Users\BH RENOVATIONS\intelligent-monitoring-system
2026-02-21 22:51:46,816 - root - INFO - EMB_DIR: C:\Users\BH RENOVATIONS\intelligent-monitoring-system\models\embeddings
2026-02-21 22:51:46,816 - root - INFO - DB: C:\Users\BH RENOVATIONS\intelligent-monitoring-system\data\db\attendances.db
2026-02-21 22:51:46,818 - root - INFO - Loaded 2 known embeddings
2026-02-21 22:51:46,818 - root - INFO - Known identities: ['Amir', 'Nour']
2026-02-21 22:51:46,820 - root - INFO - Loaded 2 check-ins for today from DB.
2026-02-21 22:51:46,820 - root - INFO - Loading InsightFace model (buffalo_l)...
2026-02-21 22:51:48,358 - root - INFO - InsightFace initialized with CUDA provider.
2026-02-21 22:51:48,658 - deep_sort_realtime.embedder.embedder_pytorch - INFO - MobileNetV2 Embedder for Deep Sort initialised
2026-02-21 22:51:48,659 - deep_sort_realtime.embedder.embedder_pytorch - INFO - - gpu enabled: True
2026-02-21 22:51:48,659 - deep_sort_realtime.embedder.embedder_pytorch - INFO - - half precision: True
2026-02-21 22:51:48,659 - deep_sort_realtime.embedder.embedder_pytorch - INFO - - max batch size: 16
2026-02-21 22:51:48,659 - deep_sort_realtime.embedder.embedder_pytorch - INFO - - expects BGR: True
2026-02-21 22:51:48,871 - deep_sort_realtime.deepsort_tracker - INFO - DeepSort Tracker initialised
2026-02-21 22:51:48,871 - deep_sort_realtime.deepsort_tracker - INFO - - max age: 30
2026-02-21 22:51:48,871 - deep_sort_realtime.deepsort_tracker - INFO - - appearance threshold: 0.3
2026-02-21 22:51:48,872 - deep_sort_realtime.deepsort_tracker - INFO - - nms threshold: OFF
2026-02-21 22:51:48,872 - deep_sort_realtime.deepsort_tracker - INFO - - max num of appearance features: 100
2026-02-21 22:51:48,872 - deep_sort_realtime.deepsort_tracker - INFO - - overriding track class : No
2026-02-21 22:51:48,872 - deep_sort_realtime.deepsort_tracker - INFO - - today given : No
2026-02-21 22:51:48,873 - deep_sort_realtime.deepsort_tracker - INFO - - in-build embedder : Yes
2026-02-21 22:51:48,873 - deep_sort_realtime.deepsort_tracker - INFO - - polygon detections : No
2026-02-21 22:51:48,873 - root - INFO - DeepSORT tracker initialized.
2026-02-21 22:51:48,873 - root - INFO - Pipeline: Face Detection -> Recognition (ArcFace embeddings)
2026-02-21 22:51:48,873 - root - INFO - Anti-spoofing disabled. Rely on embedding quality for accuracy.
2026-02-21 22:51:49,904 - root - INFO - Warming up RTSP stream...
2026-02-21 22:51:50,374 - root - INFO - Got 15/15 frames
2026-02-21 22:51:50,884 - root - INFO - RTSP open: True
2026-02-21 22:52:28,053 - root - WARNING - No frame (1/15) - retrying...
2026-02-21 22:52:28,353 - root - WARNING - No frame (6/15) - retrying...
2026-02-21 22:52:28,664 - root - WARNING - No frame (11/15) - retrying...
2026-02-21 22:52:28,973 - root - WARNING - No frame (16/15) - retrying...
2026-02-21 22:52:28,973 - root - WARNING - Stream loss detected. Reconnecting...
2026-02-21 22:52:31,042 - root - INFO - Warming up RTSP stream...
2026-02-21 22:52:31,514 - root - INFO - Got 15/15 frames
2026-02-21 22:52:59,439 - root - INFO - Ctrl+C detected. Shutting down gracefully...
2026-02-21 22:52:59,439 - root - INFO - Cleaning up...
2026-02-21 22:52:59,448 - root - INFO - Done.
2026-02-21 23:00:04,608 - root - INFO - STARTING attendance (RTSP + InsightFace)
2026-02-21 23:00:04,608 - root - INFO - ROOT: C:\Users\BH RENOVATIONS\intelligent-monitoring-system
2026-02-21 23:00:04,608 - root - INFO - EMB_DIR: C:\Users\BH RENOVATIONS\intelligent-monitoring-system\models\embeddings
2026-02-21 23:00:04,608 - root - INFO - DB: C:\Users\BH RENOVATIONS\intelligent-monitoring-system\data\db\attendances.db
2026-02-21 23:00:04,610 - root - INFO - Loaded 2 known embeddings
2026-02-21 23:00:04,611 - root - INFO - Known identities: ['Amir', 'Nour']
2026-02-21 23:00:04,613 - root - INFO - Loaded 2 check-ins for today from DB.
2026-02-21 23:00:04,614 - root - INFO - Loading InsightFace model (buffalo_l)...
2026-02-21 23:00:06,152 - root - INFO - InsightFace initialized with CUDA provider.
2026-02-21 23:00:06,454 - deep_sort_realtime.embedder.embedder_pytorch - INFO - MobileNetV2 Embedder for Deep Sort initialised
2026-02-21 23:00:06,454 - deep_sort_realtime.embedder.embedder_pytorch - INFO - - gpu enabled: True
2026-02-21 23:00:06,454 - deep_sort_realtime.embedder.embedder_pytorch - INFO - - half precision: True
2026-02-21 23:00:06,455 - deep_sort_realtime.embedder.embedder_pytorch - INFO - - max batch size: 16
2026-02-21 23:00:06,455 - deep_sort_realtime.embedder.embedder_pytorch - INFO - - expects BGR: True
2026-02-21 23:00:06,657 - deep_sort_realtime.deepsort_tracker - INFO - DeepSort Tracker initialised
2026-02-21 23:00:06,657 - deep_sort_realtime.deepsort_tracker - INFO - - max age: 30
2026-02-21 23:00:06,658 - deep_sort_realtime.deepsort_tracker - INFO - - appearance threshold: 0.3
2026-02-21 23:00:06,658 - deep_sort_realtime.deepsort_tracker - INFO - - nms threshold: OFF
2026-02-21 23:00:06,658 - deep_sort_realtime.deepsort_tracker - INFO - - max num of appearance features: 100
2026-02-21 23:00:06,658 - deep_sort_realtime.deepsort_tracker - INFO - - overriding track class : No
2026-02-21 23:00:06,658 - deep_sort_realtime.deepsort_tracker - INFO - - today given : No
2026-02-21 23:00:06,659 - deep_sort_realtime.deepsort_tracker - INFO - - in-build embedder : Yes
2026-02-21 23:00:06,659 - deep_sort_realtime.deepsort_tracker - INFO - - polygon detections : No
2026-02-21 23:00:06,659 - root - INFO - DeepSORT tracker initialized.
2026-02-21 23:00:06,659 - root - INFO - Pipeline: Face Detection -> Recognition (ArcFace embeddings)
2026-02-21 23:00:06,659 - root - INFO - Anti-spoofing disabled. Rely on embedding quality for accuracy.
2026-02-21 23:00:07,735 - root - INFO - Warming up RTSP stream...
2026-02-21 23:00:08,198 - root - INFO - Got 15/15 frames
2026-02-21 23:00:08,708 - root - INFO - RTSP open: True
2026-02-21 23:00:10,679 - root - INFO - Cleaning up...
2026-02-21 23:00:10,687 - root - INFO - Done.
2026-02-21 23:02:55,179 - root - INFO - STARTING attendance (RTSP + InsightFace)
2026-02-21 23:02:55,180 - root - INFO - ROOT: C:\Users\BH RENOVATIONS\intelligent-monitoring-system
2026-02-21 23:02:55,180 - root - INFO - EMB_DIR: C:\Users\BH RENOVATIONS\intelligent-monitoring-system\models\embeddings
2026-02-21 23:02:55,180 - root - INFO - DB: C:\Users\BH RENOVATIONS\intelligent-monitoring-system\data\db\attendances.db
2026-02-21 23:02:55,181 - root - INFO - Loaded 2 known embeddings
2026-02-21 23:02:55,181 - root - INFO - Known identities: ['Amir', 'Nour']
2026-02-21 23:02:55,184 - root - INFO - Loaded 2 check-ins for today from DB.
2026-02-21 23:02:55,184 - root - INFO - Loading InsightFace model (buffalo_l)...
2026-02-21 23:02:56,686 - root - INFO - InsightFace initialized with CUDA provider.
2026-02-21 23:02:56,982 - deep_sort_realtime.embedder.embedder_pytorch - INFO - MobileNetV2 Embedder for Deep Sort initialised
2026-02-21 23:02:56,982 - deep_sort_realtime.embedder.embedder_pytorch - INFO - - gpu enabled: True
2026-02-21 23:02:56,982 - deep_sort_realtime.embedder.embedder_pytorch - INFO - - half precision: True
2026-02-21 23:02:56,983 - deep_sort_realtime.embedder.embedder_pytorch - INFO - - max batch size: 16
2026-02-21 23:02:56,983 - deep_sort_realtime.embedder.embedder_pytorch - INFO - - expects BGR: True
2026-02-21 23:02:57,197 - deep_sort_realtime.deepsort_tracker - INFO - DeepSort Tracker initialised
2026-02-21 23:02:57,198 - deep_sort_realtime.deepsort_tracker - INFO - - max age: 30
2026-02-21 23:02:57,198 - deep_sort_realtime.deepsort_tracker - INFO - - appearance threshold: 0.3
2026-02-21 23:02:57,198 - deep_sort_realtime.deepsort_tracker - INFO - - nms threshold: OFF
2026-02-21 23:02:57,198 - deep_sort_realtime.deepsort_tracker - INFO - - max num of appearance features: 100
2026-02-21 23:02:57,198 - deep_sort_realtime.deepsort_tracker - INFO - - overriding track class : No
2026-02-21 23:02:57,199 - deep_sort_realtime.deepsort_tracker - INFO - - today given : No
2026-02-21 23:02:57,199 - deep_sort_realtime.deepsort_tracker - INFO - - in-build embedder : Yes
2026-02-21 23:02:57,199 - deep_sort_realtime.deepsort_tracker - INFO - - polygon detections : No
2026-02-21 23:02:57,199 - root - INFO - DeepSORT tracker initialized.
2026-02-21 23:02:57,199 - root - INFO - Pipeline: Face Detection -> Recognition (ArcFace embeddings)
2026-02-21 23:02:57,199 - root - INFO - Anti-spoofing disabled. Rely on embedding quality for accuracy.
2026-02-21 23:02:58,239 - root - INFO - Warming up RTSP stream...
2026-02-21 23:02:58,704 - root - INFO - Got 15/15 frames
2026-02-21 23:02:59,215 - root - INFO - RTSP open: True
2026-02-21 23:04:04,523 - root - INFO - Ctrl+C detected. Shutting down gracefully...
2026-02-21 23:04:04,524 - root - INFO - Cleaning up...
2026-02-21 23:04:04,532 - root - INFO - Done.
2026-02-21 23:05:23,767 - root - INFO - STARTING attendance (RTSP + InsightFace)
2026-02-21 23:05:23,768 - root - INFO - ROOT: C:\Users\BH RENOVATIONS\intelligent-monitoring-system
2026-02-21 23:05:23,768 - root - INFO - EMB_DIR: C:\Users\BH RENOVATIONS\intelligent-monitoring-system\models\embeddings
2026-02-21 23:05:23,768 - root - INFO - DB: C:\Users\BH RENOVATIONS\intelligent-monitoring-system\data\db\attendances.db
2026-02-21 23:05:23,770 - root - INFO - Loaded 2 known embeddings
2026-02-21 23:05:23,770 - root - INFO - Known identities: ['Amir', 'Nour']
2026-02-21 23:05:23,772 - root - INFO - Loaded 2 check-ins for today from DB.
2026-02-21 23:05:23,772 - root - INFO - Loading InsightFace model (buffalo_l)...
2026-02-21 23:05:25,281 - root - INFO - InsightFace initialized with CUDA provider.
2026-02-21 23:05:25,599 - deep_sort_realtime.embedder.embedder_pytorch - INFO - MobileNetV2 Embedder for Deep Sort initialised
2026-02-21 23:05:25,599 - deep_sort_realtime.embedder.embedder_pytorch - INFO - - gpu enabled: True
2026-02-21 23:05:25,599 - deep_sort_realtime.embedder.embedder_pytorch - INFO - - half precision: True
2026-02-21 23:05:25,600 - deep_sort_realtime.embedder.embedder_pytorch - INFO - - max batch size: 16
2026-02-21 23:05:25,600 - deep_sort_realtime.embedder.embedder_pytorch - INFO - - expects BGR: True
2026-02-21 23:05:25,824 - deep_sort_realtime.deepsort_tracker - INFO - DeepSort Tracker initialised
2026-02-21 23:05:25,824 - deep_sort_realtime.deepsort_tracker - INFO - - max age: 30
2026-02-21 23:05:25,825 - deep_sort_realtime.deepsort_tracker - INFO - - appearance threshold: 0.3
2026-02-21 23:05:25,825 - deep_sort_realtime.deepsort_tracker - INFO - - nms threshold: OFF
2026-02-21 23:05:25,825 - deep_sort_realtime.deepsort_tracker - INFO - - max num of appearance features: 100
2026-02-21 23:05:25,825 - deep_sort_realtime.deepsort_tracker - INFO - - overriding track class : No
2026-02-21 23:05:25,825 - deep_sort_realtime.deepsort_tracker - INFO - - today given : No
2026-02-21 23:05:25,826 - deep_sort_realtime.deepsort_tracker - INFO - - in-build embedder : Yes
2026-02-21 23:05:25,826 - deep_sort_realtime.deepsort_tracker - INFO - - polygon detections : No
2026-02-21 23:05:25,826 - root - INFO - DeepSORT tracker initialized.
2026-02-21 23:05:25,826 - root - INFO - Pipeline: Face Detection -> Recognition (ArcFace embeddings)
2026-02-21 23:05:25,826 - root - INFO - Anti-spoofing disabled. Rely on embedding quality for accuracy.
2026-02-21 23:05:27,001 - root - INFO - Warming up RTSP stream...
2026-02-21 23:05:27,458 - root - INFO - Got 15/15 frames
2026-02-21 23:05:27,968 - root - INFO - RTSP open: True
2026-02-21 23:05:43,886 - root - INFO - Ctrl+C detected. Shutting down gracefully...
2026-02-21 23:05:43,886 - root - INFO - Cleaning up...
2026-02-21 23:05:43,893 - root - INFO - Done.
2026-02-21 23:09:19,255 - root - INFO - STARTING attendance (RTSP + InsightFace)
2026-02-21 23:09:19,255 - root - INFO - ROOT: C:\Users\BH RENOVATIONS\intelligent-monitoring-system
2026-02-21 23:09:19,257 - root - INFO - EMB_DIR: C:\Users\BH RENOVATIONS\intelligent-monitoring-system\models\embeddings
2026-02-21 23:09:19,257 - root - INFO - DB: C:\Users\BH RENOVATIONS\intelligent-monitoring-system\data\db\attendances.db
2026-02-21 23:09:19,258 - root - INFO - Loaded 2 known embeddings
2026-02-21 23:09:19,258 - root - INFO - Known identities: ['Amir', 'Nour']
2026-02-21 23:09:19,261 - root - INFO - Loaded 2 check-ins for today from DB.
2026-02-21 23:09:19,261 - root - INFO - Loading InsightFace model (buffalo_l)...
2026-02-21 23:09:21,039 - root - INFO - InsightFace initialized with CUDA provider.
2026-02-21 23:09:21,369 - deep_sort_realtime.embedder.embedder_pytorch - INFO - MobileNetV2 Embedder for Deep Sort initialised
2026-02-21 23:09:21,370 - deep_sort_realtime.embedder.embedder_pytorch - INFO - - gpu enabled: True
2026-02-21 23:09:21,370 - deep_sort_realtime.embedder.embedder_pytorch - INFO - - half precision: True
2026-02-21 23:09:21,370 - deep_sort_realtime.embedder.embedder_pytorch - INFO - - max batch size: 16
2026-02-21 23:09:21,370 - deep_sort_realtime.embedder.embedder_pytorch - INFO - - expects BGR: True
2026-02-21 23:09:21,576 - deep_sort_realtime.deepsort_tracker - INFO - DeepSort Tracker initialised
2026-02-21 23:09:21,577 - deep_sort_realtime.deepsort_tracker - INFO - - max age: 30
2026-02-21 23:09:21,577 - deep_sort_realtime.deepsort_tracker - INFO - - appearance threshold: 0.3
2026-02-21 23:09:21,577 - deep_sort_realtime.deepsort_tracker - INFO - - nms threshold: OFF
2026-02-21 23:09:21,577 - deep_sort_realtime.deepsort_tracker - INFO - - max num of appearance features: 100
2026-02-21 23:09:21,577 - deep_sort_realtime.deepsort_tracker - INFO - - overriding track class : No
2026-02-21 23:09:21,577 - deep_sort_realtime.deepsort_tracker - INFO - - today given : No
2026-02-21 23:09:21,578 - deep_sort_realtime.deepsort_tracker - INFO - - in-build embedder : Yes
2026-02-21 23:09:21,578 - deep_sort_realtime.deepsort_tracker - INFO - - polygon detections : No
2026-02-21 23:09:21,578 - root - INFO - DeepSORT tracker initialized.
2026-02-21 23:09:21,578 - root - INFO - Pipeline: Face Detection -> Recognition (ArcFace embeddings)
2026-02-21 23:09:21,578 - root - INFO - Anti-spoofing disabled. Rely on embedding quality for accuracy.
2026-02-21 23:09:22,601 - root - INFO - Warming up RTSP stream...
2026-02-21 23:09:23,065 - root - INFO - Got 15/15 frames
2026-02-21 23:09:23,575 - root - INFO - RTSP open: True
2026-02-21 23:09:47,374 - root - INFO - Ctrl+C detected. Shutting down gracefully...
2026-02-21 23:09:47,374 - root - INFO - Cleaning up...
2026-02-21 23:09:47,384 - root - INFO - Done.
2026-02-21 23:11:21,729 - root - INFO - STARTING attendance (RTSP + InsightFace)
2026-02-21 23:11:21,729 - root - INFO - ROOT: C:\Users\BH RENOVATIONS\intelligent-monitoring-system
2026-02-21 23:11:21,729 - root - INFO - EMB_DIR: C:\Users\BH RENOVATIONS\intelligent-monitoring-system\models\embeddings
2026-02-21 23:11:21,729 - root - INFO - DB: C:\Users\BH RENOVATIONS\intelligent-monitoring-system\data\db\attendances.db
2026-02-21 23:11:21,730 - root - INFO - Loaded 2 known embeddings
2026-02-21 23:11:21,731 - root - INFO - Known identities: ['Amir', 'Nour']
2026-02-21 23:11:21,733 - root - INFO - Loaded 2 check-ins for today from DB.
2026-02-21 23:11:21,733 - root - INFO - Loading InsightFace model (buffalo_l)...
2026-02-21 23:11:23,632 - root - INFO - InsightFace initialized with CUDA provider.
2026-02-21 23:11:23,999 - deep_sort_realtime.embedder.embedder_pytorch - INFO - MobileNetV2 Embedder for Deep Sort initialised
2026-02-21 23:11:24,000 - deep_sort_realtime.embedder.embedder_pytorch - INFO - - gpu enabled: True
2026-02-21 23:11:24,000 - deep_sort_realtime.embedder.embedder_pytorch - INFO - - half precision: True
2026-02-21 23:11:24,000 - deep_sort_realtime.embedder.embedder_pytorch - INFO - - max batch size: 16
2026-02-21 23:11:24,001 - deep_sort_realtime.embedder.embedder_pytorch - INFO - - expects BGR: True
2026-02-21 23:11:24,231 - deep_sort_realtime.deepsort_tracker - INFO - DeepSort Tracker initialised
2026-02-21 23:11:24,231 - deep_sort_realtime.deepsort_tracker - INFO - - max age: 30
2026-02-21 23:11:24,232 - deep_sort_realtime.deepsort_tracker - INFO - - appearance threshold: 0.3
2026-02-21 23:11:24,232 - deep_sort_realtime.deepsort_tracker - INFO - - nms threshold: OFF
2026-02-21 23:11:24,232 - deep_sort_realtime.deepsort_tracker - INFO - - max num of appearance features: 100
2026-02-21 23:11:24,232 - deep_sort_realtime.deepsort_tracker - INFO - - overriding track class : No
2026-02-21 23:11:24,232 - deep_sort_realtime.deepsort_tracker - INFO - - today given : No
2026-02-21 23:11:24,233 - deep_sort_realtime.deepsort_tracker - INFO - - in-build embedder : Yes
2026-02-21 23:11:24,233 - deep_sort_realtime.deepsort_tracker - INFO - - polygon detections : No
2026-02-21 23:11:24,233 - root - INFO - DeepSORT tracker initialized.
2026-02-21 23:11:24,233 - root - INFO - Pipeline: Face Detection -> Recognition (ArcFace embeddings)
2026-02-21 23:11:24,233 - root - INFO - Anti-spoofing disabled. Rely on embedding quality for accuracy.
2026-02-21 23:11:25,290 - root - INFO - Warming up RTSP stream...
2026-02-21 23:11:25,747 - root - INFO - Got 15/15 frames
2026-02-21 23:11:26,256 - root - INFO - RTSP open: True
2026-02-21 23:11:35,331 - root - INFO - Ctrl+C detected. Shutting down gracefully...
2026-02-21 23:11:35,332 - root - INFO - Cleaning up...
2026-02-21 23:11:35,339 - root - INFO - Done.
2026-02-21 23:15:23,108 - root - INFO - STARTING attendance (RTSP + InsightFace)
2026-02-21 23:15:23,108 - root - INFO - ROOT: C:\Users\BH RENOVATIONS\intelligent-monitoring-system
2026-02-21 23:15:23,108 - root - INFO - EMB_DIR: C:\Users\BH RENOVATIONS\intelligent-monitoring-system\models\embeddings
2026-02-21 23:15:23,109 - root - INFO - DB: C:\Users\BH RENOVATIONS\intelligent-monitoring-system\data\db\attendances.db
2026-02-21 23:15:23,110 - root - INFO - Loaded 2 known embeddings
2026-02-21 23:15:23,110 - root - INFO - Known identities: ['Amir', 'Nour']
2026-02-21 23:15:23,113 - root - INFO - Loaded 2 check-ins for today from DB.
2026-02-21 23:15:23,113 - root - INFO - Loading InsightFace model (buffalo_l)...
2026-02-21 23:15:24,721 - root - INFO - InsightFace initialized with CUDA provider.
2026-02-21 23:15:25,018 - deep_sort_realtime.embedder.embedder_pytorch - INFO - MobileNetV2 Embedder for Deep Sort initialised
2026-02-21 23:15:25,019 - deep_sort_realtime.embedder.embedder_pytorch - INFO - - gpu enabled: True
2026-02-21 23:15:25,019 - deep_sort_realtime.embedder.embedder_pytorch - INFO - - half precision: True
2026-02-21 23:15:25,019 - deep_sort_realtime.embedder.embedder_pytorch - INFO - - max batch size: 16
2026-02-21 23:15:25,019 - deep_sort_realtime.embedder.embedder_pytorch - INFO - - expects BGR: True
2026-02-21 23:15:25,230 - deep_sort_realtime.deepsort_tracker - INFO - DeepSort Tracker initialised
2026-02-21 23:15:25,231 - deep_sort_realtime.deepsort_tracker - INFO - - max age: 30
2026-02-21 23:15:25,231 - deep_sort_realtime.deepsort_tracker - INFO - - appearance threshold: 0.3
2026-02-21 23:15:25,231 - deep_sort_realtime.deepsort_tracker - INFO - - nms threshold: OFF
2026-02-21 23:15:25,231 - deep_sort_realtime.deepsort_tracker - INFO - - max num of appearance features: 100
2026-02-21 23:15:25,232 - deep_sort_realtime.deepsort_tracker - INFO - - overriding track class : No
2026-02-21 23:15:25,232 - deep_sort_realtime.deepsort_tracker - INFO - - today given : No
2026-02-21 23:15:25,232 - deep_sort_realtime.deepsort_tracker - INFO - - in-build embedder : Yes
2026-02-21 23:15:25,233 - deep_sort_realtime.deepsort_tracker - INFO - - polygon detections : No
2026-02-21 23:15:25,233 - root - INFO - DeepSORT tracker initialized.
2026-02-21 23:15:25,233 - root - INFO - Pipeline: Face Detection -> Recognition (ArcFace embeddings)
2026-02-21 23:15:25,233 - root - INFO - Anti-spoofing disabled. Rely on embedding quality for accuracy.
2026-02-21 23:15:26,475 - root - INFO - Warming up RTSP stream...
2026-02-21 23:15:26,933 - root - INFO - Got 15/15 frames
2026-02-21 23:15:27,446 - root - INFO - RTSP open: True
2026-02-21 23:17:11,493 - root - INFO - Ctrl+C detected. Shutting down gracefully...
2026-02-21 23:17:11,493 - root - INFO - Cleaning up...
2026-02-21 23:17:11,501 - root - INFO - Done.
2026-02-21 23:24:10,332 - root - INFO - STARTING attendance (RTSP + InsightFace)
2026-02-21 23:24:10,332 - root - INFO - ROOT: C:\Users\BH RENOVATIONS\intelligent-monitoring-system
2026-02-21 23:24:10,332 - root - INFO - EMB_DIR: C:\Users\BH RENOVATIONS\intelligent-monitoring-system\models\embeddings
2026-02-21 23:24:10,332 - root - INFO - DB: C:\Users\BH RENOVATIONS\intelligent-monitoring-system\data\db\attendances.db
2026-02-21 23:24:40,316 - root - INFO - STARTING attendance (RTSP + InsightFace)
2026-02-21 23:24:40,317 - root - INFO - ROOT: C:\Users\BH RENOVATIONS\intelligent-monitoring-system
2026-02-21 23:24:40,317 - root - INFO - EMB_DIR: C:\Users\BH RENOVATIONS\intelligent-monitoring-system\models\embeddings
2026-02-21 23:24:40,317 - root - INFO - DB: C:\Users\BH RENOVATIONS\intelligent-monitoring-system\data\db\attendances.db
2026-02-21 23:31:09,680 - root - INFO - STARTING attendance (RTSP + InsightFace)
2026-02-21 23:31:09,680 - root - INFO - ROOT: C:\Users\BH RENOVATIONS\intelligent-monitoring-system
2026-02-21 23:31:09,680 - root - INFO - EMB_DIR: C:\Users\BH RENOVATIONS\intelligent-monitoring-system\models\embeddings
2026-02-21 23:31:09,681 - root - INFO - DB: C:\Users\BH RENOVATIONS\intelligent-monitoring-system\data\db\attendances.db
2026-02-21 23:31:09,682 - root - INFO - Loaded 2 known embeddings (dim=512)
2026-02-21 23:31:09,682 - root - INFO - Known identities: ['Amir', 'Nour']
2026-02-21 23:31:09,684 - root - INFO - Loaded 2 check-ins for today from DB.
2026-02-21 23:31:09,684 - root - INFO - Loading InsightFace model (buffalo_l)...
2026-02-21 23:31:11,368 - root - INFO - InsightFace initialized with CUDA provider.
2026-02-21 23:31:11,368 - deep_sort_realtime.deepsort_tracker - INFO - DeepSort Tracker initialised
2026-02-21 23:31:11,369 - deep_sort_realtime.deepsort_tracker - INFO - - max age: 30
2026-02-21 23:31:11,369 - deep_sort_realtime.deepsort_tracker - INFO - - appearance threshold: 0.4
2026-02-21 23:31:11,369 - deep_sort_realtime.deepsort_tracker - INFO - - nms threshold: OFF
2026-02-21 23:31:11,370 - deep_sort_realtime.deepsort_tracker - INFO - - max num of appearance features: 100
2026-02-21 23:31:11,370 - deep_sort_realtime.deepsort_tracker - INFO - - overriding track class : No
2026-02-21 23:31:11,370 - deep_sort_realtime.deepsort_tracker - INFO - - today given : No
2026-02-21 23:31:11,370 - deep_sort_realtime.deepsort_tracker - INFO - - in-build embedder : No
2026-02-21 23:31:11,370 - deep_sort_realtime.deepsort_tracker - INFO - - polygon detections : No
2026-02-21 23:31:11,371 - root - INFO - DeepSORT tracker initialized.
2026-02-21 23:31:11,371 - root - INFO - Pipeline: Face Detection -> Recognition (ArcFace embeddings)
2026-02-21 23:31:11,371 - root - INFO - Anti-spoofing disabled. Rely on embedding quality for accuracy.
2026-02-21 23:31:12,431 - root - INFO - Warming up RTSP stream...
2026-02-21 23:31:12,902 - root - INFO - Got 15/15 frames
2026-02-21 23:31:13,411 - root - INFO - RTSP open: True
2026-02-21 23:31:16,034 - root - INFO - Cleaning up...
2026-02-21 23:31:16,041 - root - INFO - Done.
2026-02-21 23:35:05,916 - root - INFO - STARTING attendance (RTSP + InsightFace)
2026-02-21 23:35:05,916 - root - INFO - ROOT: C:\Users\BH RENOVATIONS\intelligent-monitoring-system
2026-02-21 23:35:05,916 - root - INFO - EMB_DIR: C:\Users\BH RENOVATIONS\intelligent-monitoring-system\models\embeddings
2026-02-21 23:35:05,917 - root - INFO - DB: C:\Users\BH RENOVATIONS\intelligent-monitoring-system\data\db\attendances.db
2026-02-21 23:35:05,918 - root - INFO - Loaded 2 known embeddings (dim=512)
2026-02-21 23:35:05,918 - root - INFO - Known identities: ['Amir', 'Nour']
2026-02-21 23:35:05,921 - root - INFO - Loaded 2 check-ins for today from DB.
2026-02-21 23:35:05,921 - root - INFO - Loading InsightFace model (buffalo_l)...
2026-02-21 23:35:07,523 - root - INFO - InsightFace initialized with CUDA provider.
2026-02-21 23:35:07,524 - deep_sort_realtime.deepsort_tracker - INFO - DeepSort Tracker initialised
2026-02-21 23:35:07,524 - deep_sort_realtime.deepsort_tracker - INFO - - max age: 30
2026-02-21 23:35:07,524 - deep_sort_realtime.deepsort_tracker - INFO - - appearance threshold: 0.4
2026-02-21 23:35:07,524 - deep_sort_realtime.deepsort_tracker - INFO - - nms threshold: OFF
2026-02-21 23:35:07,525 - deep_sort_realtime.deepsort_tracker - INFO - - max num of appearance features: 100
2026-02-21 23:35:07,525 - deep_sort_realtime.deepsort_tracker - INFO - - overriding track class : No
2026-02-21 23:35:07,525 - deep_sort_realtime.deepsort_tracker - INFO - - today given : No
2026-02-21 23:35:07,525 - deep_sort_realtime.deepsort_tracker - INFO - - in-build embedder : No
2026-02-21 23:35:07,525 - deep_sort_realtime.deepsort_tracker - INFO - - polygon detections : No
2026-02-21 23:35:07,526 - root - INFO - DeepSORT tracker initialized.
2026-02-21 23:35:07,526 - root - INFO - Pipeline: Face Detection -> Recognition (ArcFace embeddings)
2026-02-21 23:35:07,526 - root - INFO - Anti-spoofing disabled. Rely on embedding quality for accuracy.
2026-02-21 23:35:08,551 - root - INFO - Warming up RTSP stream...
2026-02-21 23:35:09,007 - root - INFO - Got 15/15 frames
2026-02-21 23:35:09,518 - root - INFO - RTSP open: True
2026-02-21 23:35:09,965 - root - INFO - Cleaning up...
2026-02-21 23:35:09,970 - root - INFO - Done.
2026-02-21 23:38:56,226 - root - INFO - STARTING attendance (RTSP + InsightFace)
2026-02-21 23:38:56,226 - root - INFO - ROOT: C:\Users\BH RENOVATIONS\intelligent-monitoring-system
2026-02-21 23:38:56,226 - root - INFO - EMB_DIR: C:\Users\BH RENOVATIONS\intelligent-monitoring-system\models\embeddings
2026-02-21 23:38:56,226 - root - INFO - DB: C:\Users\BH RENOVATIONS\intelligent-monitoring-system\data\db\attendances.db
2026-02-21 23:38:56,229 - root - INFO - Loaded 2 known embeddings (dim=512)
2026-02-21 23:38:56,229 - root - INFO - Known identities: ['Amir', 'Nour']
2026-02-21 23:38:56,231 - root - INFO - Loaded 2 check-ins for today from DB.
2026-02-21 23:38:56,231 - root - INFO - Loading InsightFace model (buffalo_l)...
2026-02-21 23:38:57,798 - root - INFO - InsightFace initialized with CUDA provider.
2026-02-21 23:38:57,799 - deep_sort_realtime.deepsort_tracker - INFO - DeepSort Tracker initialised
2026-02-21 23:38:57,799 - deep_sort_realtime.deepsort_tracker - INFO - - max age: 30
2026-02-21 23:38:57,799 - deep_sort_realtime.deepsort_tracker - INFO - - appearance threshold: 0.4
2026-02-21 23:38:57,800 - deep_sort_realtime.deepsort_tracker - INFO - - nms threshold: OFF
2026-02-21 23:38:57,800 - deep_sort_realtime.deepsort_tracker - INFO - - max num of appearance features: 100
2026-02-21 23:38:57,800 - deep_sort_realtime.deepsort_tracker - INFO - - overriding track class : No
2026-02-21 23:38:57,801 - deep_sort_realtime.deepsort_tracker - INFO - - today given : No
2026-02-21 23:38:57,801 - deep_sort_realtime.deepsort_tracker - INFO - - in-build embedder : No
2026-02-21 23:38:57,801 - deep_sort_realtime.deepsort_tracker - INFO - - polygon detections : No
2026-02-21 23:38:57,802 - root - INFO - DeepSORT tracker initialized.
2026-02-21 23:38:57,802 - root - INFO - Pipeline: Face Detection -> Recognition (ArcFace embeddings)
2026-02-21 23:38:57,802 - root - INFO - Anti-spoofing disabled. Rely on embedding quality for accuracy.
2026-02-21 23:38:58,847 - root - INFO - Warming up RTSP stream...
2026-02-21 23:38:59,315 - root - INFO - Got 15/15 frames
2026-02-21 23:38:59,823 - root - INFO - RTSP open: True
2026-02-21 23:39:32,372 - root - INFO - Ctrl+C detected. Shutting down gracefully...
2026-02-21 23:39:32,373 - root - INFO - Cleaning up...
2026-02-21 23:39:32,380 - root - INFO - Done.
2026-02-21 23:44:26,628 - root - INFO - STARTING attendance (RTSP + InsightFace)
2026-02-21 23:44:26,629 - root - INFO - ROOT: C:\Users\BH RENOVATIONS\intelligent-monitoring-system
2026-02-21 23:44:26,629 - root - INFO - EMB_DIR: C:\Users\BH RENOVATIONS\intelligent-monitoring-system\models\embeddings
2026-02-21 23:44:26,629 - root - INFO - DB: C:\Users\BH RENOVATIONS\intelligent-monitoring-system\data\db\attendances.db
2026-02-21 23:44:26,631 - root - INFO - Loaded 2 known embeddings (dim=512)
2026-02-21 23:44:26,631 - root - INFO - Known identities: ['Amir', 'Nour']
2026-02-21 23:44:26,633 - root - INFO - Loaded 2 check-ins for today from DB.
2026-02-21 23:44:26,633 - root - INFO - Loading InsightFace model (buffalo_l)...
2026-02-21 23:44:28,156 - root - INFO - InsightFace initialized with CUDA provider.
2026-02-21 23:44:28,157 - deep_sort_realtime.deepsort_tracker - INFO - DeepSort Tracker initialised
2026-02-21 23:44:28,157 - deep_sort_realtime.deepsort_tracker - INFO - - max age: 30
2026-02-21 23:44:28,157 - deep_sort_realtime.deepsort_tracker - INFO - - appearance threshold: 0.4
2026-02-21 23:44:28,158 - deep_sort_realtime.deepsort_tracker - INFO - - nms threshold: OFF
2026-02-21 23:44:28,158 - deep_sort_realtime.deepsort_tracker - INFO - - max num of appearance features: 100
2026-02-21 23:44:28,158 - deep_sort_realtime.deepsort_tracker - INFO - - overriding track class : No
2026-02-21 23:44:28,158 - deep_sort_realtime.deepsort_tracker - INFO - - today given : No
2026-02-21 23:44:28,159 - deep_sort_realtime.deepsort_tracker - INFO - - in-build embedder : No
2026-02-21 23:44:28,159 - deep_sort_realtime.deepsort_tracker - INFO - - polygon detections : No
2026-02-21 23:44:28,159 - root - INFO - DeepSORT tracker initialized.
2026-02-21 23:44:28,159 - root - INFO - Pipeline: Face Detection -> Recognition (ArcFace embeddings)
2026-02-21 23:44:28,160 - root - INFO - Anti-spoofing disabled. Rely on embedding quality for accuracy.
2026-02-21 23:44:29,189 - root - INFO - Warming up RTSP stream...
2026-02-21 23:44:29,659 - root - INFO - Got 15/15 frames
2026-02-21 23:44:30,167 - root - INFO - RTSP open: True
2026-02-21 23:44:50,788 - root - INFO - Ctrl+C detected. Shutting down gracefully...
2026-02-21 23:44:50,789 - root - INFO - Cleaning up...
2026-02-21 23:44:50,796 - root - INFO - Done.
2026-02-21 23:47:58,500 - root - INFO - STARTING attendance (RTSP + InsightFace)
2026-02-21 23:47:58,501 - root - INFO - ROOT: C:\Users\BH RENOVATIONS\intelligent-monitoring-system
2026-02-21 23:47:58,501 - root - INFO - EMB_DIR: C:\Users\BH RENOVATIONS\intelligent-monitoring-system\models\embeddings
2026-02-21 23:47:58,501 - root - INFO - DB: C:\Users\BH RENOVATIONS\intelligent-monitoring-system\data\db\attendances.db
2026-02-21 23:47:58,503 - root - INFO - Loaded 2 known embeddings (dim=512)
2026-02-21 23:47:58,503 - root - INFO - Known identities: ['Amir', 'Nour']
2026-02-21 23:47:58,505 - root - INFO - Loaded 2 check-ins for today from DB.
2026-02-21 23:47:58,505 - root - INFO - Loading InsightFace model (buffalo_l)...
2026-02-21 23:48:00,260 - root - INFO - InsightFace initialized with CUDA provider.
2026-02-21 23:48:00,261 - deep_sort_realtime.deepsort_tracker - INFO - DeepSort Tracker initialised
2026-02-21 23:48:00,261 - deep_sort_realtime.deepsort_tracker - INFO - - max age: 30
2026-02-21 23:48:00,261 - deep_sort_realtime.deepsort_tracker - INFO - - appearance threshold: 0.4
2026-02-21 23:48:00,261 - deep_sort_realtime.deepsort_tracker - INFO - - nms threshold: OFF
2026-02-21 23:48:00,262 - deep_sort_realtime.deepsort_tracker - INFO - - max num of appearance features: 100
2026-02-21 23:48:00,262 - deep_sort_realtime.deepsort_tracker - INFO - - overriding track class : No
2026-02-21 23:48:00,262 - deep_sort_realtime.deepsort_tracker - INFO - - today given : No
2026-02-21 23:48:00,262 - deep_sort_realtime.deepsort_tracker - INFO - - in-build embedder : No
2026-02-21 23:48:00,263 - deep_sort_realtime.deepsort_tracker - INFO - - polygon detections : No
2026-02-21 23:48:00,263 - root - INFO - DeepSORT tracker initialized.
2026-02-21 23:48:00,263 - root - INFO - Pipeline: Face Detection -> Recognition (ArcFace embeddings)
2026-02-21 23:48:00,263 - root - INFO - Anti-spoofing disabled. Rely on embedding quality for accuracy.
2026-02-21 23:49:21,355 - root - INFO - STARTING attendance (RTSP + InsightFace)
2026-02-21 23:49:21,356 - root - INFO - ROOT: C:\Users\BH RENOVATIONS\intelligent-monitoring-system
2026-02-21 23:49:21,356 - root - INFO - EMB_DIR: C:\Users\BH RENOVATIONS\intelligent-monitoring-system\models\embeddings
2026-02-21 23:49:21,357 - root - INFO - DB: C:\Users\BH RENOVATIONS\intelligent-monitoring-system\data\db\attendances.db
2026-02-21 23:49:21,358 - root - INFO - Loaded 2 known embeddings (dim=512)
2026-02-21 23:49:21,358 - root - INFO - Known identities: ['Amir', 'Nour']
2026-02-21 23:49:21,360 - root - INFO - Loaded 2 check-ins for today from DB.
2026-02-21 23:49:21,361 - root - INFO - Loading InsightFace model (buffalo_l)...
2026-02-21 23:49:22,907 - root - INFO - InsightFace initialized with CUDA provider.
2026-02-21 23:49:22,907 - deep_sort_realtime.deepsort_tracker - INFO - DeepSort Tracker initialised
2026-02-21 23:49:22,908 - deep_sort_realtime.deepsort_tracker - INFO - - max age: 30
2026-02-21 23:49:22,908 - deep_sort_realtime.deepsort_tracker - INFO - - appearance threshold: 0.4
2026-02-21 23:49:22,908 - deep_sort_realtime.deepsort_tracker - INFO - - nms threshold: OFF
2026-02-21 23:49:22,909 - deep_sort_realtime.deepsort_tracker - INFO - - max num of appearance features: 100
2026-02-21 23:49:22,909 - deep_sort_realtime.deepsort_tracker - INFO - - overriding track class : No
2026-02-21 23:49:22,909 - deep_sort_realtime.deepsort_tracker - INFO - - today given : No
2026-02-21 23:49:22,909 - deep_sort_realtime.deepsort_tracker - INFO - - in-build embedder : No
2026-02-21 23:49:22,909 - deep_sort_realtime.deepsort_tracker - INFO - - polygon detections : No
2026-02-21 23:49:22,911 - root - INFO - DeepSORT tracker initialized.
2026-02-21 23:49:22,911 - root - INFO - Pipeline: Face Detection -> Recognition (ArcFace embeddings)
2026-02-21 23:49:22,911 - root - INFO - Anti-spoofing disabled. Rely on embedding quality for accuracy.
2026-02-21 23:49:23,986 - root - INFO - Warming up RTSP stream...
2026-02-21 23:49:24,450 - root - INFO - Got 15/15 frames
2026-02-21 23:49:24,960 - root - INFO - RTSP open: True
2026-02-21 23:49:51,758 - root - INFO - Ctrl+C detected. Shutting down gracefully...
2026-02-21 23:49:51,758 - root - INFO - Cleaning up...
2026-02-21 23:49:51,766 - root - INFO - Done.
2026-02-21 23:52:16,710 - root - INFO - STARTING attendance (RTSP + InsightFace)
2026-02-21 23:52:16,710 - root - INFO - ROOT: C:\Users\BH RENOVATIONS\intelligent-monitoring-system
2026-02-21 23:52:16,710 - root - INFO - EMB_DIR: C:\Users\BH RENOVATIONS\intelligent-monitoring-system\models\embeddings
2026-02-21 23:52:16,711 - root - INFO - DB: C:\Users\BH RENOVATIONS\intelligent-monitoring-system\data\db\attendances.db
2026-02-21 23:52:16,713 - root - INFO - Loaded 2 known embeddings (dim=512)
2026-02-21 23:52:16,714 - root - INFO - Known identities: ['Amir', 'Nour']
2026-02-21 23:52:16,715 - root - INFO - Loaded 2 check-ins for today from DB.
2026-02-21 23:52:16,715 - root - INFO - Loading InsightFace model (buffalo_l)...
2026-02-21 23:52:18,265 - root - INFO - InsightFace initialized with CUDA provider.
2026-02-21 23:52:18,266 - deep_sort_realtime.deepsort_tracker - INFO - DeepSort Tracker initialised
2026-02-21 23:52:18,267 - deep_sort_realtime.deepsort_tracker - INFO - - max age: 30
2026-02-21 23:52:18,268 - deep_sort_realtime.deepsort_tracker - INFO - - appearance threshold: 0.4
2026-02-21 23:52:18,268 - deep_sort_realtime.deepsort_tracker - INFO - - nms threshold: OFF
2026-02-21 23:52:18,270 - deep_sort_realtime.deepsort_tracker - INFO - - max num of appearance features: 100
2026-02-21 23:52:18,270 - deep_sort_realtime.deepsort_tracker - INFO - - overriding track class : No
2026-02-21 23:52:18,270 - deep_sort_realtime.deepsort_tracker - INFO - - today given : No
2026-02-21 23:52:18,271 - deep_sort_realtime.deepsort_tracker - INFO - - in-build embedder : No
2026-02-21 23:52:18,271 - deep_sort_realtime.deepsort_tracker - INFO - - polygon detections : No
2026-02-21 23:52:18,271 - root - INFO - DeepSORT tracker initialized.
2026-02-21 23:52:18,271 - root - INFO - Pipeline: Face Detection -> Recognition (ArcFace embeddings)
2026-02-21 23:52:18,271 - root - INFO - Anti-spoofing disabled. Rely on embedding quality for accuracy.
2026-02-21 23:52:19,318 - root - INFO - Warming up RTSP stream...
2026-02-21 23:52:19,787 - root - INFO - Got 15/15 frames
2026-02-21 23:52:20,294 - root - INFO - RTSP open: True
2026-02-21 23:52:45,557 - root - WARNING - No frame (1/15) - retrying...
2026-02-21 23:52:45,860 - root - WARNING - No frame (6/15) - retrying...
2026-02-21 23:52:46,170 - root - WARNING - No frame (11/15) - retrying...
2026-02-21 23:52:46,479 - root - WARNING - No frame (16/15) - retrying...
2026-02-21 23:52:46,479 - root - WARNING - Stream loss detected. Reconnecting...
2026-02-21 23:52:48,547 - root - INFO - Warming up RTSP stream...
2026-02-21 23:52:49,016 - root - INFO - Got 15/15 frames
2026-02-21 23:53:02,596 - root - INFO - Ctrl+C detected. Shutting down gracefully...
2026-02-21 23:53:02,596 - root - INFO - Cleaning up...
2026-02-21 23:53:02,603 - root - INFO - Done.
2026-02-22 00:06:52,528 - root - INFO - STARTING attendance (RTSP + InsightFace)
2026-02-22 00:06:52,529 - root - INFO - ROOT: C:\Users\BH RENOVATIONS\intelligent-monitoring-system
2026-02-22 00:06:52,529 - root - INFO - EMB_DIR: C:\Users\BH RENOVATIONS\intelligent-monitoring-system\models\embeddings
2026-02-22 00:06:52,529 - root - INFO - DB: C:\Users\BH RENOVATIONS\intelligent-monitoring-system\data\db\attendances.db
2026-02-22 00:06:52,531 - root - INFO - Loaded 2 known embeddings (dim=512)
2026-02-22 00:06:52,531 - root - INFO - Known identities: ['Amir', 'Nour']
2026-02-22 00:06:52,534 - root - INFO - Loading InsightFace model (buffalo_l)...
2026-02-22 00:06:54,266 - root - INFO - InsightFace initialized with CUDA provider.
2026-02-22 00:06:54,266 - deep_sort_realtime.deepsort_tracker - INFO - DeepSort Tracker initialised
2026-02-22 00:06:54,266 - deep_sort_realtime.deepsort_tracker - INFO - - max age: 30
2026-02-22 00:06:54,267 - deep_sort_realtime.deepsort_tracker - INFO - - appearance threshold: 0.4
2026-02-22 00:06:54,267 - deep_sort_realtime.deepsort_tracker - INFO - - nms threshold: OFF
2026-02-22 00:06:54,267 - deep_sort_realtime.deepsort_tracker - INFO - - max num of appearance features: 100
2026-02-22 00:06:54,267 - deep_sort_realtime.deepsort_tracker - INFO - - overriding track class : No
2026-02-22 00:06:54,267 - deep_sort_realtime.deepsort_tracker - INFO - - today given : No
2026-02-22 00:06:54,268 - deep_sort_realtime.deepsort_tracker - INFO - - in-build embedder : No
2026-02-22 00:06:54,268 - deep_sort_realtime.deepsort_tracker - INFO - - polygon detections : No
2026-02-22 00:06:54,268 - root - INFO - DeepSORT tracker initialized.
2026-02-22 00:06:54,268 - root - INFO - Pipeline: Face Detection -> Recognition (ArcFace embeddings)
2026-02-22 00:06:54,268 - root - INFO - Anti-spoofing disabled. Rely on embedding quality for accuracy.
2026-02-22 00:06:55,278 - root - INFO - Warming up RTSP stream...
2026-02-22 00:06:55,743 - root - INFO - Got 15/15 frames
2026-02-22 00:06:56,253 - root - INFO - RTSP open: True
2026-02-22 00:07:18,003 - root - INFO - Ctrl+C detected. Shutting down gracefully...
2026-02-22 00:07:18,003 - root - INFO - Cleaning up...
2026-02-22 00:07:18,010 - root - INFO - Done.
2026-02-22 00:13:44,095 - root - INFO - STARTING attendance (RTSP + InsightFace)
2026-02-22 00:13:44,095 - root - INFO - ROOT: C:\Users\BH RENOVATIONS\intelligent-monitoring-system
2026-02-22 00:13:44,095 - root - INFO - EMB_DIR: C:\Users\BH RENOVATIONS\intelligent-monitoring-system\models\embeddings
2026-02-22 00:13:44,096 - root - INFO - DB: C:\Users\BH RENOVATIONS\intelligent-monitoring-system\data\db\attendances.db
2026-02-22 00:13:44,097 - root - INFO - Loaded 2 known embeddings (dim=512)
2026-02-22 00:13:44,097 - root - INFO - Known identities: ['Amir', 'Nour']
2026-02-22 00:13:44,100 - root - INFO - Loading InsightFace model (buffalo_l)...
2026-02-22 00:13:45,688 - root - INFO - InsightFace initialized with CUDA provider.
2026-02-22 00:13:45,689 - deep_sort_realtime.deepsort_tracker - INFO - DeepSort Tracker initialised
2026-02-22 00:13:45,689 - deep_sort_realtime.deepsort_tracker - INFO - - max age: 30
2026-02-22 00:13:45,689 - deep_sort_realtime.deepsort_tracker - INFO - - appearance threshold: 0.4
2026-02-22 00:13:45,689 - deep_sort_realtime.deepsort_tracker - INFO - - nms threshold: OFF
2026-02-22 00:13:45,689 - deep_sort_realtime.deepsort_tracker - INFO - - max num of appearance features: 100
2026-02-22 00:13:45,690 - deep_sort_realtime.deepsort_tracker - INFO - - overriding track class : No
2026-02-22 00:13:45,690 - deep_sort_realtime.deepsort_tracker - INFO - - today given : No
2026-02-22 00:13:45,690 - deep_sort_realtime.deepsort_tracker - INFO - - in-build embedder : No
2026-02-22 00:13:45,690 - deep_sort_realtime.deepsort_tracker - INFO - - polygon detections : No
2026-02-22 00:13:45,690 - root - INFO - DeepSORT tracker initialized.
2026-02-22 00:13:45,691 - root - INFO - Pipeline: Face Detection -> Recognition (ArcFace embeddings)
2026-02-22 00:13:45,691 - root - INFO - Anti-spoofing disabled. Recognition visible, attendance blocked until liveness is enabled.
2026-02-22 00:13:46,718 - root - INFO - Warming up RTSP stream...
2026-02-22 00:13:47,179 - root - INFO - Got 15/15 frames
2026-02-22 00:13:47,690 - root - INFO - RTSP open: True
2026-02-22 00:14:33,703 - root - INFO - Ctrl+C detected. Shutting down gracefully...
2026-02-22 00:14:33,704 - root - INFO - Cleaning up...
2026-02-22 00:14:33,711 - root - INFO - Done.
2026-02-22 00:30:24,343 - root - INFO - STARTING attendance (RTSP + InsightFace)
2026-02-22 00:30:24,343 - root - INFO - ROOT: C:\Users\BH RENOVATIONS\intelligent-monitoring-system
2026-02-22 00:30:24,343 - root - INFO - EMB_DIR: C:\Users\BH RENOVATIONS\intelligent-monitoring-system\models\embeddings
2026-02-22 00:30:24,343 - root - INFO - DB: C:\Users\BH RENOVATIONS\intelligent-monitoring-system\data\db\attendances.db
2026-02-22 00:30:24,345 - root - INFO - Loaded 2 known embeddings (dim=512)
2026-02-22 00:30:24,345 - root - INFO - Known identities: ['Amir', 'Nour']
2026-02-22 00:30:24,347 - root - INFO - Loading InsightFace model (buffalo_l)...
2026-02-22 00:30:26,070 - root - INFO - InsightFace initialized with CUDA provider.
2026-02-22 00:30:26,071 - deep_sort_realtime.deepsort_tracker - INFO - DeepSort Tracker initialised
2026-02-22 00:30:26,071 - deep_sort_realtime.deepsort_tracker - INFO - - max age: 30
2026-02-22 00:30:26,071 - deep_sort_realtime.deepsort_tracker - INFO - - appearance threshold: 0.4
2026-02-22 00:30:26,071 - deep_sort_realtime.deepsort_tracker - INFO - - nms threshold: OFF
2026-02-22 00:30:26,071 - deep_sort_realtime.deepsort_tracker - INFO - - max num of appearance features: 100
2026-02-22 00:30:26,072 - deep_sort_realtime.deepsort_tracker - INFO - - overriding track class : No
2026-02-22 00:30:26,072 - deep_sort_realtime.deepsort_tracker - INFO - - today given : No
2026-02-22 00:30:26,072 - deep_sort_realtime.deepsort_tracker - INFO - - in-build embedder : No
2026-02-22 00:30:26,072 - deep_sort_realtime.deepsort_tracker - INFO - - polygon detections : No
2026-02-22 00:30:26,072 - root - INFO - DeepSORT tracker initialized.
2026-02-22 00:30:26,073 - root - INFO - Anti-spoof: disabled (config['anti_spoof']['enabled']=False)
2026-02-22 00:30:26,073 - root - INFO - Pipeline: Face Detection -> Recognition (ArcFace embeddings)
2026-02-22 00:30:26,073 - root - INFO - Anti-spoofing disabled. Recognition visible for debug, attendance blocked.
2026-02-22 00:30:27,851 - root - INFO - Warming up RTSP stream...
2026-02-22 00:30:28,315 - root - INFO - Got 15/15 frames
2026-02-22 00:30:28,828 - root - INFO - RTSP open: True
2026-02-22 00:31:02,937 - root - WARNING - No frame (1/15) - retrying...
2026-02-22 00:31:03,247 - root - WARNING - No frame (6/15) - retrying...
2026-02-22 00:31:03,557 - root - WARNING - No frame (11/15) - retrying...
2026-02-22 00:31:03,871 - root - WARNING - No frame (16/15) - retrying...
2026-02-22 00:31:03,871 - root - WARNING - Stream loss detected. Reconnecting...
2026-02-22 00:31:05,997 - root - INFO - Warming up RTSP stream...
2026-02-22 00:31:06,461 - root - INFO - Got 15/15 frames
2026-02-22 00:31:26,288 - root - WARNING - No frame (1/15) - retrying...
2026-02-22 00:31:26,587 - root - WARNING - No frame (6/15) - retrying...
2026-02-22 00:31:26,897 - root - WARNING - No frame (11/15) - retrying...
2026-02-22 00:31:27,205 - root - WARNING - No frame (16/15) - retrying...
2026-02-22 00:31:27,205 - root - WARNING - Stream loss detected. Reconnecting...
2026-02-22 00:31:27,948 - root - INFO - Ctrl+C detected. Shutting down gracefully...
2026-02-22 00:31:27,949 - root - INFO - Cleaning up...
2026-02-22 00:31:27,958 - root - INFO - Done.
2026-02-22 00:39:42,730 - root - INFO - STARTING attendance (RTSP + InsightFace + DeepSORT + MiniFASNet)
2026-02-22 00:39:42,731 - root - INFO - ROOT: C:\Users\BH RENOVATIONS\intelligent-monitoring-system
2026-02-22 00:39:42,731 - root - INFO - EMB_DIR: C:\Users\BH RENOVATIONS\intelligent-monitoring-system\models\embeddings
2026-02-22 00:39:42,732 - root - INFO - DB: C:\Users\BH RENOVATIONS\intelligent-monitoring-system\data\db\attendances.db
2026-02-22 00:39:42,733 - root - INFO - Loaded 2 known embeddings (dim=512)
2026-02-22 00:39:42,733 - root - INFO - Known identities: ['Amir', 'Nour']
2026-02-22 00:39:42,735 - root - INFO - Loading InsightFace model (buffalo_l)...
2026-02-22 00:39:44,220 - root - INFO - InsightFace initialized with CUDA provider.
2026-02-22 00:39:44,221 - deep_sort_realtime.deepsort_tracker - INFO - DeepSort Tracker initialised
2026-02-22 00:39:44,222 - deep_sort_realtime.deepsort_tracker - INFO - - max age: 30
2026-02-22 00:39:44,222 - deep_sort_realtime.deepsort_tracker - INFO - - appearance threshold: 0.4
2026-02-22 00:39:44,222 - deep_sort_realtime.deepsort_tracker - INFO - - nms threshold: OFF
2026-02-22 00:39:44,222 - deep_sort_realtime.deepsort_tracker - INFO - - max num of appearance features: 100
2026-02-22 00:39:44,223 - deep_sort_realtime.deepsort_tracker - INFO - - overriding track class : No
2026-02-22 00:39:44,223 - deep_sort_realtime.deepsort_tracker - INFO - - today given : No
2026-02-22 00:39:44,223 - deep_sort_realtime.deepsort_tracker - INFO - - in-build embedder : No
2026-02-22 00:39:44,223 - deep_sort_realtime.deepsort_tracker - INFO - - polygon detections : No
2026-02-22 00:39:44,223 - root - INFO - DeepSORT tracker initialized.
2026-02-22 00:39:44,235 - root - WARNING - MiniFASNet anti-spoof disabled: MiniFASNet weight file(s) missing: ['C:\\Users\\BH RENOVATIONS\\intelligent-monitoring-system\\src\\recognition\\2.7_80x80_MiniFASNetV2.pth', 'C:\\Users\\BH RENOVATIONS\\intelligent-monitoring-system\\src\\recognition\\4_0_0_80x80_MiniFASNetV1SE.pth']
2026-02-22 00:39:44,236 - root - WARNING - System will still recognize faces, but liveness enforcement is OFF.
2026-02-22 00:39:44,236 - root - INFO - Pipeline: Face Detection -> Liveness -> Recognition -> Tracking -> Attendance
2026-02-22 00:39:45,326 - root - INFO - Warming up RTSP stream...
2026-02-22 00:39:45,784 - root - INFO - Got 15/15 frames
2026-02-22 00:39:46,292 - root - INFO - RTSP open: True
2026-02-22 00:39:51,059 - root - INFO - 2026-02-22 00:39:51 | Nour -> check_in
2026-02-22 00:40:29,494 - root - WARNING - No frame (1/15) - retrying...
2026-02-22 00:40:29,803 - root - WARNING - No frame (6/15) - retrying...
2026-02-22 00:40:30,112 - root - WARNING - No frame (11/15) - retrying...
2026-02-22 00:40:30,423 - root - WARNING - No frame (16/15) - retrying...
2026-02-22 00:40:30,423 - root - WARNING - Stream loss detected. Reconnecting...
2026-02-22 00:40:32,483 - root - INFO - Warming up RTSP stream...
2026-02-22 00:40:32,944 - root - INFO - Got 15/15 frames
2026-02-22 00:40:49,761 - root - WARNING - No frame (1/15) - retrying...
2026-02-22 00:40:50,077 - root - WARNING - No frame (6/15) - retrying...
2026-02-22 00:40:50,385 - root - WARNING - No frame (11/15) - retrying...
2026-02-22 00:40:50,696 - root - WARNING - No frame (16/15) - retrying...
2026-02-22 00:40:50,696 - root - WARNING - Stream loss detected. Reconnecting...
2026-02-22 00:40:52,752 - root - INFO - Warming up RTSP stream...
2026-02-22 00:40:53,215 - root - INFO - Got 15/15 frames
2026-02-22 00:40:54,066 - root - INFO - 2026-02-22 00:40:54 | Amir -> check_in
2026-02-22 00:41:13,250 - root - INFO - Ctrl+C detected. Shutting down gracefully...
2026-02-22 00:41:13,251 - root - INFO - Cleaning up...
2026-02-22 00:41:13,261 - root - INFO - Done.
2026-02-22 00:50:22,214 - root - INFO - STARTING attendance (RTSP + InsightFace + DeepSORT + MiniFASNet)
2026-02-22 00:50:22,215 - root - INFO - ROOT: C:\Users\BH RENOVATIONS\intelligent-monitoring-system
2026-02-22 00:50:22,215 - root - INFO - EMB_DIR: C:\Users\BH RENOVATIONS\intelligent-monitoring-system\models\embeddings
2026-02-22 00:50:22,215 - root - INFO - DB: C:\Users\BH RENOVATIONS\intelligent-monitoring-system\data\db\attendances.db
2026-02-22 00:50:22,217 - root - INFO - Loaded 2 known embeddings (dim=512)
2026-02-22 00:50:22,217 - root - INFO - Known identities: ['Amir', 'Nour']
2026-02-22 00:50:22,219 - root - INFO - Loaded 2 check-ins for today from DB.
2026-02-22 00:50:22,220 - root - INFO - Loading InsightFace model (buffalo_l)...
2026-02-22 00:50:23,719 - root - INFO - InsightFace initialized with CUDA provider.
2026-02-22 00:50:23,720 - deep_sort_realtime.deepsort_tracker - INFO - DeepSort Tracker initialised
2026-02-22 00:50:23,720 - deep_sort_realtime.deepsort_tracker - INFO - - max age: 30
2026-02-22 00:50:23,720 - deep_sort_realtime.deepsort_tracker - INFO - - appearance threshold: 0.4
2026-02-22 00:50:23,720 - deep_sort_realtime.deepsort_tracker - INFO - - nms threshold: OFF
2026-02-22 00:50:23,721 - deep_sort_realtime.deepsort_tracker - INFO - - max num of appearance features: 100
2026-02-22 00:50:23,721 - deep_sort_realtime.deepsort_tracker - INFO - - overriding track class : No
2026-02-22 00:50:23,721 - deep_sort_realtime.deepsort_tracker - INFO - - today given : No
2026-02-22 00:50:23,722 - deep_sort_realtime.deepsort_tracker - INFO - - in-build embedder : No
2026-02-22 00:50:23,722 - deep_sort_realtime.deepsort_tracker - INFO - - polygon detections : No
2026-02-22 00:50:23,723 - root - INFO - DeepSORT tracker initialized.
2026-02-22 00:50:23,747 - root - WARNING - MiniFASNet anti-spoof disabled: unsupported operand type(s) for //: 'tuple' and 'int'
2026-02-22 00:50:23,747 - root - WARNING - System will still recognize faces, but liveness enforcement is OFF.
2026-02-22 00:50:23,748 - root - INFO - Pipeline: Face Detection -> Liveness -> Recognition -> Tracking -> Attendance
2026-02-22 00:50:24,793 - root - INFO - Warming up RTSP stream...
2026-02-22 00:50:25,254 - root - INFO - Got 15/15 frames
2026-02-22 00:50:25,765 - root - INFO - RTSP open: True
2026-02-22 00:51:26,893 - root - WARNING - No frame (1/15) - retrying...
2026-02-22 00:51:27,207 - root - WARNING - No frame (6/15) - retrying...
2026-02-22 00:51:27,517 - root - WARNING - No frame (11/15) - retrying...
2026-02-22 00:51:27,827 - root - WARNING - No frame (16/15) - retrying...
2026-02-22 00:51:27,827 - root - WARNING - Stream loss detected. Reconnecting...
2026-02-22 00:51:29,860 - root - INFO - Warming up RTSP stream...
2026-02-22 00:51:30,325 - root - INFO - Got 15/15 frames
2026-02-22 00:52:26,121 - root - WARNING - No frame (1/15) - retrying...
2026-02-22 00:52:26,430 - root - WARNING - No frame (6/15) - retrying...
2026-02-22 00:52:26,739 - root - WARNING - No frame (11/15) - retrying...
2026-02-22 00:52:27,047 - root - WARNING - No frame (16/15) - retrying...
2026-02-22 00:52:27,047 - root - WARNING - Stream loss detected. Reconnecting...
2026-02-22 00:52:29,090 - root - INFO - Warming up RTSP stream...
2026-02-22 00:52:29,556 - root - INFO - Got 15/15 frames
2026-02-22 00:52:29,779 - root - INFO - Ctrl+C detected. Shutting down gracefully...
2026-02-22 00:52:29,780 - root - INFO - Cleaning up...
2026-02-22 00:52:29,791 - root - INFO - Done.
2026-02-22 00:53:19,541 - root - INFO - STARTING attendance (RTSP + InsightFace + DeepSORT + MiniFASNet)
2026-02-22 00:53:19,541 - root - INFO - ROOT: C:\Users\BH RENOVATIONS\intelligent-monitoring-system
2026-02-22 00:53:19,541 - root - INFO - EMB_DIR: C:\Users\BH RENOVATIONS\intelligent-monitoring-system\models\embeddings
2026-02-22 00:53:19,541 - root - INFO - DB: C:\Users\BH RENOVATIONS\intelligent-monitoring-system\data\db\attendances.db
2026-02-22 00:53:19,543 - root - INFO - Loaded 2 known embeddings (dim=512)
2026-02-22 00:53:19,543 - root - INFO - Known identities: ['Amir', 'Nour']
2026-02-22 00:53:19,545 - root - INFO - Loaded 2 check-ins for today from DB.
2026-02-22 00:53:19,545 - root - INFO - Loading InsightFace model (buffalo_l)...
2026-02-22 00:53:21,039 - root - INFO - InsightFace initialized with CUDA provider.
2026-02-22 00:53:21,039 - deep_sort_realtime.deepsort_tracker - INFO - DeepSort Tracker initialised
2026-02-22 00:53:21,040 - deep_sort_realtime.deepsort_tracker - INFO - - max age: 30
2026-02-22 00:53:21,040 - deep_sort_realtime.deepsort_tracker - INFO - - appearance threshold: 0.4
2026-02-22 00:53:21,040 - deep_sort_realtime.deepsort_tracker - INFO - - nms threshold: OFF
2026-02-22 00:53:21,041 - deep_sort_realtime.deepsort_tracker - INFO - - max num of appearance features: 100
2026-02-22 00:53:21,041 - deep_sort_realtime.deepsort_tracker - INFO - - overriding track class : No
2026-02-22 00:53:21,041 - deep_sort_realtime.deepsort_tracker - INFO - - today given : No
2026-02-22 00:53:21,041 - deep_sort_realtime.deepsort_tracker - INFO - - in-build embedder : No
2026-02-22 00:53:21,042 - deep_sort_realtime.deepsort_tracker - INFO - - polygon detections : No
2026-02-22 00:53:21,042 - root - INFO - DeepSORT tracker initialized.
2026-02-22 00:53:21,058 - root - WARNING - MiniFASNet anti-spoof disabled: unsupported operand type(s) for //: 'tuple' and 'int'
2026-02-22 00:53:21,059 - root - WARNING - System will still recognize faces, but liveness enforcement is OFF.
2026-02-22 00:53:21,059 - root - INFO - Pipeline: Face Detection -> Liveness -> Recognition -> Tracking -> Attendance
2026-02-22 00:53:22,114 - root - INFO - Warming up RTSP stream...
2026-02-22 00:53:22,576 - root - INFO - Got 15/15 frames
2026-02-22 00:53:23,086 - root - INFO - RTSP open: True
2026-02-22 00:53:25,158 - root - INFO - Ctrl+C detected. Shutting down gracefully...
2026-02-22 00:53:25,160 - root - INFO - Cleaning up...
2026-02-22 00:53:25,167 - root - INFO - Done.
2026-02-22 01:10:06,396 - root - INFO - STARTING attendance (RTSP + InsightFace + DeepSORT + MiniFASNet)
2026-02-22 01:10:06,396 - root - INFO - ROOT: C:\Users\BH RENOVATIONS\intelligent-monitoring-system
2026-02-22 01:10:06,398 - root - INFO - EMB_DIR: C:\Users\BH RENOVATIONS\intelligent-monitoring-system\models\embeddings
2026-02-22 01:10:06,398 - root - INFO - DB: C:\Users\BH RENOVATIONS\intelligent-monitoring-system\data\db\attendances.db
2026-02-22 01:10:06,399 - root - INFO - Loaded 2 known embeddings (dim=512)
2026-02-22 01:10:06,400 - root - INFO - Known identities: ['Amir', 'Nour']
2026-02-22 01:10:06,402 - root - INFO - Loaded 2 check-ins for today from DB.
2026-02-22 01:10:06,402 - root - INFO - Loading InsightFace model (buffalo_l)...
2026-02-22 01:10:07,886 - root - INFO - InsightFace initialized with CUDA provider.
2026-02-22 01:10:07,887 - deep_sort_realtime.deepsort_tracker - INFO - DeepSort Tracker initialised
2026-02-22 01:10:07,887 - deep_sort_realtime.deepsort_tracker - INFO - - max age: 30
2026-02-22 01:10:07,887 - deep_sort_realtime.deepsort_tracker - INFO - - appearance threshold: 0.4
2026-02-22 01:10:07,887 - deep_sort_realtime.deepsort_tracker - INFO - - nms threshold: OFF
2026-02-22 01:10:07,888 - deep_sort_realtime.deepsort_tracker - INFO - - max num of appearance features: 100
2026-02-22 01:10:07,888 - deep_sort_realtime.deepsort_tracker - INFO - - overriding track class : No
2026-02-22 01:10:07,888 - deep_sort_realtime.deepsort_tracker - INFO - - today given : No
2026-02-22 01:10:07,888 - deep_sort_realtime.deepsort_tracker - INFO - - in-build embedder : No
2026-02-22 01:10:07,888 - deep_sort_realtime.deepsort_tracker - INFO - - polygon detections : No
2026-02-22 01:10:07,888 - root - INFO - DeepSORT tracker initialized.
2026-02-22 01:10:07,909 - root - WARNING - MiniFASNet anti-spoof disabled: unsupported operand type(s) for //: 'tuple' and 'int'
2026-02-22 01:10:07,910 - root - WARNING - System will still recognize faces, but liveness enforcement is OFF.
2026-02-22 01:10:07,911 - root - INFO - [ANTI_SPOOF] enabled=False, type=None, weights=None
2026-02-22 01:10:08,958 - root - INFO - Warming up RTSP stream...
2026-02-22 01:10:09,419 - root - INFO - Got 15/15 frames
2026-02-22 01:10:09,929 - root - INFO - RTSP open: True
2026-02-22 01:10:13,590 - root - INFO - Ctrl+C detected. Shutting down gracefully...
2026-02-22 01:10:13,591 - root - INFO - Cleaning up...
2026-02-22 01:10:13,598 - root - INFO - Done.
2026-02-22 01:15:04,772 - root - INFO - STARTING attendance (RTSP + InsightFace + DeepSORT + MiniFASNet)
2026-02-22 01:15:04,772 - root - INFO - ROOT: C:\Users\BH RENOVATIONS\intelligent-monitoring-system
2026-02-22 01:15:04,772 - root - INFO - EMB_DIR: C:\Users\BH RENOVATIONS\intelligent-monitoring-system\models\embeddings
2026-02-22 01:15:04,772 - root - INFO - DB: C:\Users\BH RENOVATIONS\intelligent-monitoring-system\data\db\attendances.db
2026-02-22 01:15:04,774 - root - INFO - Loaded 2 known embeddings (dim=512)
2026-02-22 01:15:04,774 - root - INFO - Known identities: ['Amir', 'Nour']
2026-02-22 01:15:04,776 - root - INFO - Loaded 2 check-ins for today from DB.
2026-02-22 01:15:04,776 - root - INFO - Loading InsightFace model (buffalo_l)...
2026-02-22 01:15:06,423 - root - INFO - InsightFace initialized with CUDA provider.
2026-02-22 01:15:06,424 - deep_sort_realtime.deepsort_tracker - INFO - DeepSort Tracker initialised
2026-02-22 01:15:06,424 - deep_sort_realtime.deepsort_tracker - INFO - - max age: 30
2026-02-22 01:15:06,424 - deep_sort_realtime.deepsort_tracker - INFO - - appearance threshold: 0.4
2026-02-22 01:15:06,425 - deep_sort_realtime.deepsort_tracker - INFO - - nms threshold: OFF
2026-02-22 01:15:06,425 - deep_sort_realtime.deepsort_tracker - INFO - - max num of appearance features: 100
2026-02-22 01:15:06,425 - deep_sort_realtime.deepsort_tracker - INFO - - overriding track class : No
2026-02-22 01:15:06,425 - deep_sort_realtime.deepsort_tracker - INFO - - today given : No
2026-02-22 01:15:06,425 - deep_sort_realtime.deepsort_tracker - INFO - - in-build embedder : No
2026-02-22 01:15:06,426 - deep_sort_realtime.deepsort_tracker - INFO - - polygon detections : No
2026-02-22 01:15:06,426 - root - INFO - DeepSORT tracker initialized.
2026-02-22 01:15:06,443 - root - WARNING - MiniFASNet anti-spoof disabled: unsupported operand type(s) for //: 'tuple' and 'int'
2026-02-22 01:15:06,443 - root - WARNING - System will still recognize faces, but liveness enforcement is OFF.
2026-02-22 01:15:06,444 - root - INFO - [ANTI_SPOOF] enabled=False, type=None, weights=None
2026-02-22 01:15:07,479 - root - INFO - Warming up RTSP stream...
2026-02-22 01:15:07,944 - root - INFO - Got 15/15 frames
2026-02-22 01:15:08,457 - root - INFO - RTSP open: True
2026-02-22 01:15:10,379 - root - INFO - Ctrl+C detected. Shutting down gracefully...
2026-02-22 01:15:10,379 - root - INFO - Cleaning up...
2026-02-22 01:15:10,387 - root - INFO - Done.
2026-02-22 01:21:37,062 - root - INFO - STARTING attendance (RTSP + InsightFace + DeepSORT + MiniFASNet)
2026-02-22 01:21:37,063 - root - INFO - ROOT: C:\Users\BH RENOVATIONS\intelligent-monitoring-system
2026-02-22 01:21:37,063 - root - INFO - EMB_DIR: C:\Users\BH RENOVATIONS\intelligent-monitoring-system\models\embeddings
2026-02-22 01:21:37,063 - root - INFO - DB: C:\Users\BH RENOVATIONS\intelligent-monitoring-system\data\db\attendances.db
2026-02-22 01:21:37,065 - root - INFO - Loaded 2 known embeddings (dim=512)
2026-02-22 01:21:37,065 - root - INFO - Known identities: ['Amir', 'Nour']
2026-02-22 01:21:37,067 - root - INFO - Loaded 2 check-ins for today from DB.
2026-02-22 01:21:37,067 - root - INFO - Loading InsightFace model (buffalo_l)...
2026-02-22 01:21:38,669 - root - INFO - InsightFace initialized with CUDA provider.
2026-02-22 01:21:38,669 - deep_sort_realtime.deepsort_tracker - INFO - DeepSort Tracker initialised
2026-02-22 01:21:38,670 - deep_sort_realtime.deepsort_tracker - INFO - - max age: 30
2026-02-22 01:21:38,670 - deep_sort_realtime.deepsort_tracker - INFO - - appearance threshold: 0.4
2026-02-22 01:21:38,670 - deep_sort_realtime.deepsort_tracker - INFO - - nms threshold: OFF
2026-02-22 01:21:38,670 - deep_sort_realtime.deepsort_tracker - INFO - - max num of appearance features: 100
2026-02-22 01:21:38,671 - deep_sort_realtime.deepsort_tracker - INFO - - overriding track class : No
2026-02-22 01:21:38,671 - deep_sort_realtime.deepsort_tracker - INFO - - today given : No
2026-02-22 01:21:38,671 - deep_sort_realtime.deepsort_tracker - INFO - - in-build embedder : No
2026-02-22 01:21:38,671 - deep_sort_realtime.deepsort_tracker - INFO - - polygon detections : No
2026-02-22 01:21:38,672 - root - INFO - DeepSORT tracker initialized.
2026-02-22 01:21:38,900 - root - WARNING - MiniFASNet anti-spoof disabled: Error(s) in loading state_dict for MiniFASNet:
	size mismatch for conv2_dw.conv.weight: copying a param with shape torch.Size([32, 1, 3, 3]) from checkpoint, the shape in current model is torch.Size([64, 1, 3, 3]).
	size mismatch for conv2_dw.bn.weight: copying a param with shape torch.Size([32]) from checkpoint, the shape in current model is torch.Size([64]).
	size mismatch for conv2_dw.bn.bias: copying a param with shape torch.Size([32]) from checkpoint, the shape in current model is torch.Size([64]).
	size mismatch for conv2_dw.bn.running_mean: copying a param with shape torch.Size([32]) from checkpoint, the shape in current model is torch.Size([64]).
	size mismatch for conv2_dw.bn.running_var: copying a param with shape torch.Size([32]) from checkpoint, the shape in current model is torch.Size([64]).
2026-02-22 01:21:38,902 - root - WARNING - System will still recognize faces, but liveness enforcement is OFF.
2026-02-22 01:21:38,904 - root - INFO - [ANTI_SPOOF] enabled=False, type=None, weights=None
2026-02-22 01:21:39,963 - root - INFO - Warming up RTSP stream...
2026-02-22 01:21:40,431 - root - INFO - Got 15/15 frames
2026-02-22 01:21:40,942 - root - INFO - RTSP open: True
2026-02-22 01:21:51,053 - root - INFO - Ctrl+C detected. Shutting down gracefully...
2026-02-22 01:21:51,054 - root - INFO - Cleaning up...
2026-02-22 01:21:51,062 - root - INFO - Done.
2026-02-22 01:32:51,095 - root - INFO - STARTING attendance (RTSP + InsightFace + DeepSORT + MiniFASNet)
2026-02-22 01:32:51,095 - root - INFO - ROOT: C:\Users\BH RENOVATIONS\intelligent-monitoring-system
2026-02-22 01:32:51,095 - root - INFO - EMB_DIR: C:\Users\BH RENOVATIONS\intelligent-monitoring-system\models\embeddings
2026-02-22 01:32:51,096 - root - INFO - DB: C:\Users\BH RENOVATIONS\intelligent-monitoring-system\data\db\attendances.db
2026-02-22 01:32:51,098 - root - INFO - Loaded 2 known embeddings (dim=512)
2026-02-22 01:32:51,098 - root - INFO - Known identities: ['Amir', 'Nour']
2026-02-22 01:32:51,101 - root - INFO - Loaded 2 check-ins for today from DB.
2026-02-22 01:32:51,101 - root - INFO - Loading InsightFace model (buffalo_l)...
2026-02-22 01:32:52,629 - root - INFO - InsightFace initialized with CUDA provider.
2026-02-22 01:32:52,630 - deep_sort_realtime.deepsort_tracker - INFO - DeepSort Tracker initialised
2026-02-22 01:32:52,630 - deep_sort_realtime.deepsort_tracker - INFO - - max age: 30
2026-02-22 01:32:52,630 - deep_sort_realtime.deepsort_tracker - INFO - - appearance threshold: 0.4
2026-02-22 01:32:52,631 - deep_sort_realtime.deepsort_tracker - INFO - - nms threshold: OFF
2026-02-22 01:32:52,631 - deep_sort_realtime.deepsort_tracker - INFO - - max num of appearance features: 100
2026-02-22 01:32:52,631 - deep_sort_realtime.deepsort_tracker - INFO - - overriding track class : No
2026-02-22 01:32:52,631 - deep_sort_realtime.deepsort_tracker - INFO - - today given : No
2026-02-22 01:32:52,631 - deep_sort_realtime.deepsort_tracker - INFO - - in-build embedder : No
2026-02-22 01:32:52,632 - deep_sort_realtime.deepsort_tracker - INFO - - polygon detections : No
2026-02-22 01:32:52,632 - root - INFO - DeepSORT tracker initialized.
2026-02-22 01:32:52,634 - root - ERROR - MiniFASNet initialization failed
Traceback (most recent call last):
  File "c:\Users\BH RENOVATIONS\intelligent-monitoring-system\src\recognition\attendance_webcam.py", line 293, in main
    spoof_model = _build_minifasnet_models()
  File "c:\Users\BH RENOVATIONS\intelligent-monitoring-system\src\recognition\attendance_webcam.py", line 152, in _build_minifasnet_models
    raise RuntimeError(
RuntimeError: MiniFASNet weight file(s) missing. Found V2=None, V1SE=None. Checked dirs: ['C:\\Users\\BH RENOVATIONS\\intelligent-monitoring-system\\src\\recognition', 'C:\\Users\\BH RENOVATIONS\\intelligent-monitoring-system\\resources\\anti_spoof_models']
2026-02-22 01:32:52,636 - root - WARNING - System will still recognize faces, but liveness enforcement is OFF.
2026-02-22 01:32:52,636 - root - INFO - Pipeline: Face Detection -> Liveness -> Recognition -> Tracking -> Attendance
2026-02-22 01:32:53,735 - root - INFO - Warming up RTSP stream...
2026-02-22 01:32:54,192 - root - INFO - Got 15/15 frames
2026-02-22 01:32:54,706 - root - INFO - RTSP open: True
2026-02-22 01:32:56,991 - root - INFO - Ctrl+C detected. Shutting down gracefully...
2026-02-22 01:32:56,991 - root - INFO - Cleaning up...
2026-02-22 01:32:57,001 - root - INFO - Done.
2026-02-22 01:51:28,159 - root - INFO - STARTING attendance (RTSP + InsightFace + DeepSORT + MiniFASNet)
2026-02-22 01:51:28,160 - root - INFO - ROOT: C:\Users\BH RENOVATIONS\intelligent-monitoring-system
2026-02-22 01:51:28,160 - root - INFO - EMB_DIR: C:\Users\BH RENOVATIONS\intelligent-monitoring-system\models\embeddings
2026-02-22 01:51:28,160 - root - INFO - DB: C:\Users\BH RENOVATIONS\intelligent-monitoring-system\data\db\attendances.db
2026-02-22 01:51:28,162 - root - INFO - Loaded 2 known embeddings (dim=512)
2026-02-22 01:51:28,162 - root - INFO - Known identities: ['Amir', 'Nour']
2026-02-22 01:51:28,165 - root - INFO - Loaded 2 check-ins for today from DB.
2026-02-22 01:51:28,165 - root - INFO - Loading InsightFace model (buffalo_l)...
2026-02-22 01:51:29,702 - root - INFO - InsightFace initialized with CUDA provider.
2026-02-22 01:51:29,703 - deep_sort_realtime.deepsort_tracker - INFO - DeepSort Tracker initialised
2026-02-22 01:51:29,703 - deep_sort_realtime.deepsort_tracker - INFO - - max age: 30
2026-02-22 01:51:29,704 - deep_sort_realtime.deepsort_tracker - INFO - - appearance threshold: 0.4
2026-02-22 01:51:29,704 - deep_sort_realtime.deepsort_tracker - INFO - - nms threshold: OFF
2026-02-22 01:51:29,704 - deep_sort_realtime.deepsort_tracker - INFO - - max num of appearance features: 100
2026-02-22 01:51:29,705 - deep_sort_realtime.deepsort_tracker - INFO - - overriding track class : No
2026-02-22 01:51:29,705 - deep_sort_realtime.deepsort_tracker - INFO - - today given : No
2026-02-22 01:51:29,705 - deep_sort_realtime.deepsort_tracker - INFO - - in-build embedder : No
2026-02-22 01:51:29,705 - deep_sort_realtime.deepsort_tracker - INFO - - polygon detections : No
2026-02-22 01:51:29,705 - root - INFO - DeepSORT tracker initialized.
2026-02-22 01:51:29,956 - root - ERROR - MiniFASNet initialization failed
Traceback (most recent call last):
  File "c:\Users\BH RENOVATIONS\intelligent-monitoring-system\src\recognition\attendance_webcam.py", line 311, in main
    spoof_model = _build_minifasnet_models()
  File "c:\Users\BH RENOVATIONS\intelligent-monitoring-system\src\recognition\attendance_webcam.py", line 174, in _build_minifasnet_models
    _safe_load_state_dict(m1, w_v2, device)
  File "c:\Users\BH RENOVATIONS\intelligent-monitoring-system\src\recognition\attendance_webcam.py", line 75, in _safe_load_state_dict
    missing, unexpected = model.load_state_dict(cleaned, strict=False)
  File "C:\Users\BH RENOVATIONS\intelligent-monitoring-system\venv\lib\site-packages\torch\nn\modules\module.py", line 2584, in load_state_dict
    raise RuntimeError(
RuntimeError: Error(s) in loading state_dict for MiniFASNet:
	size mismatch for conv2_dw.conv.weight: copying a param with shape torch.Size([32, 1, 3, 3]) from checkpoint, the shape in current model is torch.Size([64, 1, 3, 3]).
	size mismatch for conv2_dw.bn.weight: copying a param with shape torch.Size([32]) from checkpoint, the shape in current model is torch.Size([64]).
	size mismatch for conv2_dw.bn.bias: copying a param with shape torch.Size([32]) from checkpoint, the shape in current model is torch.Size([64]).
	size mismatch for conv2_dw.bn.running_mean: copying a param with shape torch.Size([32]) from checkpoint, the shape in current model is torch.Size([64]).
	size mismatch for conv2_dw.bn.running_var: copying a param with shape torch.Size([32]) from checkpoint, the shape in current model is torch.Size([64]).
2026-02-22 01:51:29,966 - root - WARNING - System will still recognize faces, but liveness enforcement is OFF.
2026-02-22 01:51:29,968 - root - INFO - Pipeline: Face Detection -> Liveness -> Recognition -> Tracking -> Attendance
2026-02-22 01:51:31,257 - root - INFO - Warming up RTSP stream...
2026-02-22 01:51:31,714 - root - INFO - Got 15/15 frames
2026-02-22 01:51:32,227 - root - INFO - RTSP open: True
2026-02-22 01:51:37,256 - root - INFO - Ctrl+C detected. Shutting down gracefully...
2026-02-22 01:51:37,257 - root - INFO - Cleaning up...
2026-02-22 01:51:37,265 - root - INFO - Done.
2026-02-23 10:59:32,788 - root - INFO - STARTING attendance (RTSP + InsightFace + DeepSORT + MiniFASNet)
2026-02-23 10:59:32,789 - root - INFO - ROOT: C:\Users\BH RENOVATIONS\intelligent-monitoring-system
2026-02-23 10:59:32,789 - root - INFO - EMB_DIR: C:\Users\BH RENOVATIONS\intelligent-monitoring-system\models\embeddings
2026-02-23 10:59:32,789 - root - INFO - DB: C:\Users\BH RENOVATIONS\intelligent-monitoring-system\data\db\attendances.db
2026-02-23 10:59:32,791 - root - INFO - Loaded 2 known embeddings (dim=512)
2026-02-23 10:59:32,791 - root - INFO - Known identities: ['Amir', 'Nour']
2026-02-23 10:59:32,800 - root - INFO - Loading InsightFace model (buffalo_l)...
2026-02-23 10:59:35,355 - root - INFO - InsightFace initialized with CUDA provider.
2026-02-23 10:59:35,356 - deep_sort_realtime.deepsort_tracker - INFO - DeepSort Tracker initialised
2026-02-23 10:59:35,356 - deep_sort_realtime.deepsort_tracker - INFO - - max age: 30
2026-02-23 10:59:35,356 - deep_sort_realtime.deepsort_tracker - INFO - - appearance threshold: 0.4
2026-02-23 10:59:35,357 - deep_sort_realtime.deepsort_tracker - INFO - - nms threshold: OFF
2026-02-23 10:59:35,357 - deep_sort_realtime.deepsort_tracker - INFO - - max num of appearance features: 100
2026-02-23 10:59:35,357 - deep_sort_realtime.deepsort_tracker - INFO - - overriding track class : No
2026-02-23 10:59:35,357 - deep_sort_realtime.deepsort_tracker - INFO - - today given : No
2026-02-23 10:59:35,357 - deep_sort_realtime.deepsort_tracker - INFO - - in-build embedder : No
2026-02-23 10:59:35,358 - deep_sort_realtime.deepsort_tracker - INFO - - polygon detections : No
2026-02-23 10:59:35,358 - root - INFO - DeepSORT tracker initialized.
2026-02-23 10:59:35,692 - root - WARNING - MiniFASNet missing keys (1): ['conv_6_sep.weight']
2026-02-23 10:59:35,693 - root - WARNING - MiniFASNet unexpected keys (7): ['conv_6_sep.conv.weight', 'conv_6_sep.bn.weight', 'conv_6_sep.bn.bias', 'conv_6_sep.bn.running_mean', 'conv_6_sep.bn.running_var', 'conv_6_sep.bn.num_batches_tracked', 'conv_6_sep.prelu.weight']
2026-02-23 10:59:35,770 - root - WARNING - MiniFASNet missing keys (1): ['conv_6_sep.weight']
2026-02-23 10:59:35,770 - root - WARNING - MiniFASNet unexpected keys (7): ['conv_6_sep.conv.weight', 'conv_6_sep.bn.weight', 'conv_6_sep.bn.bias', 'conv_6_sep.bn.running_mean', 'conv_6_sep.bn.running_var', 'conv_6_sep.bn.num_batches_tracked', 'conv_6_sep.prelu.weight']
2026-02-23 10:59:35,771 - root - INFO - MiniFASNet loaded on cuda: 2.7_80x80_MiniFASNetV2.pth, 4_0_0_80x80_MiniFASNetV1SE.pth
2026-02-23 10:59:35,771 - root - INFO - MiniFASNet classes imported from: C:\Users\BH RENOVATIONS\intelligent-monitoring-system\src\recognition\MiniFASNet.py
2026-02-23 10:59:35,772 - root - INFO - Anti-spoofing ENABLED (MiniFASNet ensemble).
2026-02-23 10:59:35,772 - root - INFO - Pipeline: Face Detection -> Liveness -> Recognition -> Tracking -> Attendance
2026-02-23 11:03:04,985 - root - INFO - STARTING attendance (RTSP + InsightFace + DeepSORT + MiniFASNet)
2026-02-23 11:03:04,986 - root - INFO - ROOT: C:\Users\BH RENOVATIONS\intelligent-monitoring-system
2026-02-23 11:03:04,986 - root - INFO - EMB_DIR: C:\Users\BH RENOVATIONS\intelligent-monitoring-system\models\embeddings
2026-02-23 11:03:04,986 - root - INFO - DB: C:\Users\BH RENOVATIONS\intelligent-monitoring-system\data\db\attendances.db
2026-02-23 11:03:04,988 - root - INFO - Loaded 2 known embeddings (dim=512)
2026-02-23 11:03:04,988 - root - INFO - Known identities: ['Amir', 'Nour']
2026-02-23 11:03:04,990 - root - INFO - Loading InsightFace model (buffalo_l)...
2026-02-23 11:03:06,746 - root - INFO - InsightFace initialized with CUDA provider.
2026-02-23 11:03:06,747 - deep_sort_realtime.deepsort_tracker - INFO - DeepSort Tracker initialised
2026-02-23 11:03:06,747 - deep_sort_realtime.deepsort_tracker - INFO - - max age: 30
2026-02-23 11:03:06,747 - deep_sort_realtime.deepsort_tracker - INFO - - appearance threshold: 0.4
2026-02-23 11:03:06,747 - deep_sort_realtime.deepsort_tracker - INFO - - nms threshold: OFF
2026-02-23 11:03:06,748 - deep_sort_realtime.deepsort_tracker - INFO - - max num of appearance features: 100
2026-02-23 11:03:06,748 - deep_sort_realtime.deepsort_tracker - INFO - - overriding track class : No
2026-02-23 11:03:06,748 - deep_sort_realtime.deepsort_tracker - INFO - - today given : No
2026-02-23 11:03:06,748 - deep_sort_realtime.deepsort_tracker - INFO - - in-build embedder : No
2026-02-23 11:03:06,749 - deep_sort_realtime.deepsort_tracker - INFO - - polygon detections : No
2026-02-23 11:03:06,749 - root - INFO - DeepSORT tracker initialized.
2026-02-23 11:03:06,995 - root - WARNING - MiniFASNet missing keys (1): ['conv_6_sep.weight']
2026-02-23 11:03:06,995 - root - WARNING - MiniFASNet unexpected keys (7): ['conv_6_sep.conv.weight', 'conv_6_sep.bn.weight', 'conv_6_sep.bn.bias', 'conv_6_sep.bn.running_mean', 'conv_6_sep.bn.running_var', 'conv_6_sep.bn.num_batches_tracked', 'conv_6_sep.prelu.weight']
2026-02-23 11:03:07,077 - root - WARNING - MiniFASNet missing keys (1): ['conv_6_sep.weight']
2026-02-23 11:03:07,078 - root - WARNING - MiniFASNet unexpected keys (7): ['conv_6_sep.conv.weight', 'conv_6_sep.bn.weight', 'conv_6_sep.bn.bias', 'conv_6_sep.bn.running_mean', 'conv_6_sep.bn.running_var', 'conv_6_sep.bn.num_batches_tracked', 'conv_6_sep.prelu.weight']
2026-02-23 11:03:07,079 - root - INFO - MiniFASNet loaded on cuda: 2.7_80x80_MiniFASNetV2.pth, 4_0_0_80x80_MiniFASNetV1SE.pth
2026-02-23 11:03:07,079 - root - INFO - MiniFASNet classes imported from: C:\Users\BH RENOVATIONS\intelligent-monitoring-system\src\recognition\MiniFASNet.py
2026-02-23 11:03:07,079 - root - INFO - Anti-spoofing ENABLED (MiniFASNet ensemble).
2026-02-23 11:03:07,080 - root - INFO - Pipeline: Face Detection -> Liveness -> Recognition -> Tracking -> Attendance
2026-02-23 11:03:08,195 - root - INFO - Warming up RTSP stream...
2026-02-23 11:03:08,659 - root - INFO - Got 15/15 frames
2026-02-23 11:03:09,173 - root - INFO - RTSP open: True
2026-02-23 11:03:43,534 - root - INFO - Ctrl+C detected. Shutting down gracefully...
2026-02-23 11:03:43,535 - root - INFO - Cleaning up...
2026-02-23 11:03:43,542 - root - INFO - Done.
2026-02-23 11:08:38,761 - root - INFO - STARTING attendance (RTSP + InsightFace + DeepSORT + MiniFASNet)
2026-02-23 11:08:38,763 - root - INFO - ROOT: C:\Users\BH RENOVATIONS\intelligent-monitoring-system
2026-02-23 11:08:38,763 - root - INFO - EMB_DIR: C:\Users\BH RENOVATIONS\intelligent-monitoring-system\models\embeddings
2026-02-23 11:08:38,763 - root - INFO - DB: C:\Users\BH RENOVATIONS\intelligent-monitoring-system\data\db\attendances.db
2026-02-23 11:08:38,765 - root - INFO - Loaded 2 known embeddings (dim=512)
2026-02-23 11:08:38,765 - root - INFO - Known identities: ['Amir', 'Nour']
2026-02-23 11:08:38,768 - root - INFO - Loading InsightFace model (buffalo_l)...
2026-02-23 11:08:40,360 - root - INFO - InsightFace initialized with CUDA provider.
2026-02-23 11:08:40,360 - deep_sort_realtime.deepsort_tracker - INFO - DeepSort Tracker initialised
2026-02-23 11:08:40,361 - deep_sort_realtime.deepsort_tracker - INFO - - max age: 30
2026-02-23 11:08:40,361 - deep_sort_realtime.deepsort_tracker - INFO - - appearance threshold: 0.4
2026-02-23 11:08:40,361 - deep_sort_realtime.deepsort_tracker - INFO - - nms threshold: OFF
2026-02-23 11:08:40,361 - deep_sort_realtime.deepsort_tracker - INFO - - max num of appearance features: 100
2026-02-23 11:08:40,361 - deep_sort_realtime.deepsort_tracker - INFO - - overriding track class : No
2026-02-23 11:08:40,362 - deep_sort_realtime.deepsort_tracker - INFO - - today given : No
2026-02-23 11:08:40,362 - deep_sort_realtime.deepsort_tracker - INFO - - in-build embedder : No
2026-02-23 11:08:40,362 - deep_sort_realtime.deepsort_tracker - INFO - - polygon detections : No
2026-02-23 11:08:40,362 - root - INFO - DeepSORT tracker initialized.
2026-02-23 11:08:40,612 - root - WARNING - MiniFASNet missing keys (1): ['conv_6_sep.weight']
2026-02-23 11:08:40,612 - root - WARNING - MiniFASNet unexpected keys (7): ['conv_6_sep.conv.weight', 'conv_6_sep.bn.weight', 'conv_6_sep.bn.bias', 'conv_6_sep.bn.running_mean', 'conv_6_sep.bn.running_var', 'conv_6_sep.bn.num_batches_tracked', 'conv_6_sep.prelu.weight']
2026-02-23 11:08:40,691 - root - WARNING - MiniFASNet missing keys (1): ['conv_6_sep.weight']
2026-02-23 11:08:40,691 - root - WARNING - MiniFASNet unexpected keys (7): ['conv_6_sep.conv.weight', 'conv_6_sep.bn.weight', 'conv_6_sep.bn.bias', 'conv_6_sep.bn.running_mean', 'conv_6_sep.bn.running_var', 'conv_6_sep.bn.num_batches_tracked', 'conv_6_sep.prelu.weight']
2026-02-23 11:08:40,692 - root - INFO - MiniFASNet loaded on cuda: 2.7_80x80_MiniFASNetV2.pth, 4_0_0_80x80_MiniFASNetV1SE.pth
2026-02-23 11:08:40,692 - root - INFO - MiniFASNet classes imported from: C:\Users\BH RENOVATIONS\intelligent-monitoring-system\src\recognition\MiniFASNet.py
2026-02-23 11:08:40,692 - root - INFO - Anti-spoofing ENABLED (MiniFASNet ensemble).
2026-02-23 11:08:40,693 - root - INFO - Pipeline: Face Detection -> Liveness -> Recognition -> Tracking -> Attendance
2026-02-23 11:08:41,802 - root - INFO - Warming up RTSP stream...
2026-02-23 11:08:42,259 - root - INFO - Got 15/15 frames
2026-02-23 11:08:42,768 - root - INFO - RTSP open: True
2026-02-23 11:08:51,276 - root - INFO - Ctrl+C detected. Shutting down gracefully...
2026-02-23 11:08:51,277 - root - INFO - Cleaning up...
2026-02-23 11:08:51,283 - root - INFO - Done.
2026-02-23 11:11:00,948 - root - INFO - STARTING attendance (RTSP + InsightFace + DeepSORT + MiniFASNet)
2026-02-23 11:11:00,948 - root - INFO - ROOT: C:\Users\BH RENOVATIONS\intelligent-monitoring-system
2026-02-23 11:11:00,948 - root - INFO - EMB_DIR: C:\Users\BH RENOVATIONS\intelligent-monitoring-system\models\embeddings
2026-02-23 11:11:00,950 - root - INFO - DB: C:\Users\BH RENOVATIONS\intelligent-monitoring-system\data\db\attendances.db
2026-02-23 11:11:00,952 - root - INFO - Loaded 2 known embeddings (dim=512)
2026-02-23 11:11:00,952 - root - INFO - Known identities: ['Amir', 'Nour']
2026-02-23 11:11:00,954 - root - INFO - Loading InsightFace model (buffalo_l)...
2026-02-23 11:11:02,579 - root - INFO - InsightFace initialized with CUDA provider.
2026-02-23 11:11:02,580 - deep_sort_realtime.deepsort_tracker - INFO - DeepSort Tracker initialised
2026-02-23 11:11:02,580 - deep_sort_realtime.deepsort_tracker - INFO - - max age: 30
2026-02-23 11:11:02,580 - deep_sort_realtime.deepsort_tracker - INFO - - appearance threshold: 0.4
2026-02-23 11:11:02,580 - deep_sort_realtime.deepsort_tracker - INFO - - nms threshold: OFF
2026-02-23 11:11:02,581 - deep_sort_realtime.deepsort_tracker - INFO - - max num of appearance features: 100
2026-02-23 11:11:02,581 - deep_sort_realtime.deepsort_tracker - INFO - - overriding track class : No
2026-02-23 11:11:02,581 - deep_sort_realtime.deepsort_tracker - INFO - - today given : No
2026-02-23 11:11:02,581 - deep_sort_realtime.deepsort_tracker - INFO - - in-build embedder : No
2026-02-23 11:11:02,582 - deep_sort_realtime.deepsort_tracker - INFO - - polygon detections : No
2026-02-23 11:11:02,582 - root - INFO - DeepSORT tracker initialized.
2026-02-23 11:11:02,829 - root - WARNING - MiniFASNet missing keys (1): ['conv_6_sep.weight']
2026-02-23 11:11:02,830 - root - WARNING - MiniFASNet unexpected keys (7): ['conv_6_sep.conv.weight', 'conv_6_sep.bn.weight', 'conv_6_sep.bn.bias', 'conv_6_sep.bn.running_mean', 'conv_6_sep.bn.running_var', 'conv_6_sep.bn.num_batches_tracked', 'conv_6_sep.prelu.weight']
2026-02-23 11:11:02,916 - root - WARNING - MiniFASNet missing keys (1): ['conv_6_sep.weight']
2026-02-23 11:11:02,916 - root - WARNING - MiniFASNet unexpected keys (7): ['conv_6_sep.conv.weight', 'conv_6_sep.bn.weight', 'conv_6_sep.bn.bias', 'conv_6_sep.bn.running_mean', 'conv_6_sep.bn.running_var', 'conv_6_sep.bn.num_batches_tracked', 'conv_6_sep.prelu.weight']
2026-02-23 11:11:02,917 - root - INFO - MiniFASNet loaded on cuda: 2.7_80x80_MiniFASNetV2.pth, 4_0_0_80x80_MiniFASNetV1SE.pth
2026-02-23 11:11:02,917 - root - INFO - MiniFASNet classes imported from: C:\Users\BH RENOVATIONS\intelligent-monitoring-system\src\recognition\MiniFASNet.py
2026-02-23 11:11:02,917 - root - INFO - Anti-spoofing ENABLED (MiniFASNet ensemble).
2026-02-23 11:11:02,919 - root - INFO - Pipeline: Face Detection -> Liveness -> Recognition -> Tracking -> Attendance
2026-02-23 11:11:04,010 - root - INFO - Warming up RTSP stream...
2026-02-23 11:11:04,472 - root - INFO - Got 15/15 frames
2026-02-23 11:11:04,984 - root - INFO - RTSP open: True
2026-02-23 11:11:08,681 - root - INFO - Ctrl+C detected. Shutting down gracefully...
2026-02-23 11:11:08,681 - root - INFO - Cleaning up...
2026-02-23 11:11:08,689 - root - INFO - Done.
2026-02-23 11:16:21,712 - root - INFO - STARTING attendance (RTSP + InsightFace + DeepSORT + MiniFASNet)
2026-02-23 11:16:21,712 - root - INFO - ROOT: C:\Users\BH RENOVATIONS\intelligent-monitoring-system
2026-02-23 11:16:21,712 - root - INFO - EMB_DIR: C:\Users\BH RENOVATIONS\intelligent-monitoring-system\models\embeddings
2026-02-23 11:16:21,713 - root - INFO - DB: C:\Users\BH RENOVATIONS\intelligent-monitoring-system\data\db\attendances.db
2026-02-23 11:16:21,714 - root - INFO - Loaded 2 known embeddings (dim=512)
2026-02-23 11:16:21,714 - root - INFO - Known identities: ['Amir', 'Nour']
2026-02-23 11:16:21,717 - root - INFO - Loading InsightFace model (buffalo_l)...
2026-02-23 11:16:23,425 - root - INFO - InsightFace initialized with CUDA provider.
2026-02-23 11:16:23,426 - deep_sort_realtime.deepsort_tracker - INFO - DeepSort Tracker initialised
2026-02-23 11:16:23,426 - deep_sort_realtime.deepsort_tracker - INFO - - max age: 30
2026-02-23 11:16:23,427 - deep_sort_realtime.deepsort_tracker - INFO - - appearance threshold: 0.4
2026-02-23 11:16:23,427 - deep_sort_realtime.deepsort_tracker - INFO - - nms threshold: OFF
2026-02-23 11:16:23,427 - deep_sort_realtime.deepsort_tracker - INFO - - max num of appearance features: 100
2026-02-23 11:16:23,427 - deep_sort_realtime.deepsort_tracker - INFO - - overriding track class : No
2026-02-23 11:16:23,427 - deep_sort_realtime.deepsort_tracker - INFO - - today given : No
2026-02-23 11:16:23,428 - deep_sort_realtime.deepsort_tracker - INFO - - in-build embedder : No
2026-02-23 11:16:23,428 - deep_sort_realtime.deepsort_tracker - INFO - - polygon detections : No
2026-02-23 11:16:23,428 - root - INFO - DeepSORT tracker initialized.
2026-02-23 11:16:23,697 - root - WARNING - MiniFASNet missing keys (1): ['conv_6_sep.weight']
2026-02-23 11:16:23,697 - root - WARNING - MiniFASNet unexpected keys (7): ['conv_6_sep.conv.weight', 'conv_6_sep.bn.weight', 'conv_6_sep.bn.bias', 'conv_6_sep.bn.running_mean', 'conv_6_sep.bn.running_var', 'conv_6_sep.bn.num_batches_tracked', 'conv_6_sep.prelu.weight']
2026-02-23 11:16:23,777 - root - WARNING - MiniFASNet missing keys (1): ['conv_6_sep.weight']
2026-02-23 11:16:23,778 - root - WARNING - MiniFASNet unexpected keys (7): ['conv_6_sep.conv.weight', 'conv_6_sep.bn.weight', 'conv_6_sep.bn.bias', 'conv_6_sep.bn.running_mean', 'conv_6_sep.bn.running_var', 'conv_6_sep.bn.num_batches_tracked', 'conv_6_sep.prelu.weight']
2026-02-23 11:16:23,779 - root - INFO - MiniFASNet loaded on cuda: 2.7_80x80_MiniFASNetV2.pth, 4_0_0_80x80_MiniFASNetV1SE.pth
2026-02-23 11:16:23,779 - root - INFO - MiniFASNet classes imported from: C:\Users\BH RENOVATIONS\intelligent-monitoring-system\src\recognition\MiniFASNet.py
2026-02-23 11:16:23,780 - root - INFO - Anti-spoofing ENABLED (MiniFASNet ensemble).
2026-02-23 11:16:23,780 - root - INFO - Pipeline: Face Detection -> Liveness -> Recognition -> Tracking -> Attendance
2026-02-23 11:16:25,566 - root - INFO - Warming up RTSP stream...
2026-02-23 11:16:26,027 - root - INFO - Got 15/15 frames
2026-02-23 11:16:26,538 - root - INFO - RTSP open: True
2026-02-23 11:16:33,200 - root - WARNING - Anti-spoof inference failed for track 1: Given groups=512, weight of size [512, 1, 5, 5], expected input[1, 128, 5, 5] to have 512 channels, but got 128 channels instead
2026-02-23 11:16:38,609 - root - INFO - Ctrl+C detected. Shutting down gracefully...
2026-02-23 11:16:38,610 - root - INFO - Cleaning up...
2026-02-23 11:16:38,618 - root - INFO - Done.
2026-02-23 11:19:33,243 - root - INFO - STARTING attendance (RTSP + InsightFace + DeepSORT + MiniFASNet)
2026-02-23 11:19:33,243 - root - INFO - ROOT: C:\Users\BH RENOVATIONS\intelligent-monitoring-system
2026-02-23 11:19:33,244 - root - INFO - EMB_DIR: C:\Users\BH RENOVATIONS\intelligent-monitoring-system\models\embeddings
2026-02-23 11:19:33,244 - root - INFO - DB: C:\Users\BH RENOVATIONS\intelligent-monitoring-system\data\db\attendances.db
2026-02-23 11:19:33,246 - root - INFO - Loaded 2 known embeddings (dim=512)
2026-02-23 11:19:33,246 - root - INFO - Known identities: ['Amir', 'Nour']
2026-02-23 11:19:33,249 - root - INFO - Loading InsightFace model (buffalo_l)...
2026-02-23 11:19:34,784 - root - INFO - InsightFace initialized with CUDA provider.
2026-02-23 11:19:34,785 - deep_sort_realtime.deepsort_tracker - INFO - DeepSort Tracker initialised
2026-02-23 11:19:34,785 - deep_sort_realtime.deepsort_tracker - INFO - - max age: 30
2026-02-23 11:19:34,785 - deep_sort_realtime.deepsort_tracker - INFO - - appearance threshold: 0.4
2026-02-23 11:19:34,786 - deep_sort_realtime.deepsort_tracker - INFO - - nms threshold: OFF
2026-02-23 11:19:34,786 - deep_sort_realtime.deepsort_tracker - INFO - - max num of appearance features: 100
2026-02-23 11:19:34,786 - deep_sort_realtime.deepsort_tracker - INFO - - overriding track class : No
2026-02-23 11:19:34,786 - deep_sort_realtime.deepsort_tracker - INFO - - today given : No
2026-02-23 11:19:34,786 - deep_sort_realtime.deepsort_tracker - INFO - - in-build embedder : No
2026-02-23 11:19:34,787 - deep_sort_realtime.deepsort_tracker - INFO - - polygon detections : No
2026-02-23 11:19:34,787 - root - INFO - DeepSORT tracker initialized.
2026-02-23 11:19:35,158 - root - INFO - MiniFASNet loaded on cuda: 2.7_80x80_MiniFASNetV2.pth, 4_0_0_80x80_MiniFASNetV1SE.pth
2026-02-23 11:19:35,158 - root - INFO - MiniFASNet classes imported from: C:\Users\BH RENOVATIONS\intelligent-monitoring-system\src\recognition\MiniFASNet.py
2026-02-23 11:19:35,159 - root - INFO - Anti-spoofing ENABLED (MiniFASNet ensemble).
2026-02-23 11:19:35,159 - root - INFO - Pipeline: Face Detection -> Liveness -> Recognition -> Tracking -> Attendance
2026-02-23 11:19:36,179 - root - INFO - Warming up RTSP stream...
2026-02-23 11:19:36,637 - root - INFO - Got 15/15 frames
2026-02-23 11:19:37,148 - root - INFO - RTSP open: True
2026-02-23 11:19:46,131 - root - INFO - Ctrl+C detected. Shutting down gracefully...
2026-02-23 11:19:46,131 - root - INFO - Cleaning up...
2026-02-23 11:19:46,138 - root - INFO - Done.
2026-02-23 11:43:34,595 - root - INFO - STARTING attendance (RTSP + InsightFace + DeepSORT + MiniFASNet)
2026-02-23 11:43:34,596 - root - INFO - ROOT: C:\Users\BH RENOVATIONS\intelligent-monitoring-system
2026-02-23 11:43:34,596 - root - INFO - EMB_DIR: C:\Users\BH RENOVATIONS\intelligent-monitoring-system\models\embeddings
2026-02-23 11:43:34,596 - root - INFO - DB: C:\Users\BH RENOVATIONS\intelligent-monitoring-system\data\db\attendances.db
2026-02-23 11:43:34,598 - root - INFO - Loaded 2 known embeddings (dim=512)
2026-02-23 11:43:34,598 - root - INFO - Known identities: ['Amir', 'Nour']
2026-02-23 11:43:34,600 - root - INFO - Loading InsightFace model (buffalo_l)...
2026-02-23 11:43:36,878 - root - INFO - InsightFace initialized with CUDA provider.
2026-02-23 11:43:36,879 - deep_sort_realtime.deepsort_tracker - INFO - DeepSort Tracker initialised
2026-02-23 11:43:36,879 - deep_sort_realtime.deepsort_tracker - INFO - - max age: 30
2026-02-23 11:43:36,880 - deep_sort_realtime.deepsort_tracker - INFO - - appearance threshold: 0.4
2026-02-23 11:43:36,880 - deep_sort_realtime.deepsort_tracker - INFO - - nms threshold: OFF
2026-02-23 11:43:36,880 - deep_sort_realtime.deepsort_tracker - INFO - - max num of appearance features: 100
2026-02-23 11:43:36,881 - deep_sort_realtime.deepsort_tracker - INFO - - overriding track class : No
2026-02-23 11:43:36,881 - deep_sort_realtime.deepsort_tracker - INFO - - today given : No
2026-02-23 11:43:36,881 - deep_sort_realtime.deepsort_tracker - INFO - - in-build embedder : No
2026-02-23 11:43:36,881 - deep_sort_realtime.deepsort_tracker - INFO - - polygon detections : No
2026-02-23 11:43:36,881 - root - INFO - DeepSORT tracker initialized.
2026-02-23 11:43:37,247 - root - INFO - MiniFASNet loaded on cuda: 2.7_80x80_MiniFASNetV2.pth, 4_0_0_80x80_MiniFASNetV1SE.pth
2026-02-23 11:43:37,248 - root - INFO - MiniFASNet classes imported from: C:\Users\BH RENOVATIONS\intelligent-monitoring-system\src\recognition\MiniFASNet.py
2026-02-23 11:43:37,261 - root - WARNING - AntiSpoofPredict CUDA init failed, falling back to CPU: OpenCV(4.13.0) D:\a\opencv-python\opencv-python\opencv\modules\dnn\src\caffe\caffe_io.cpp:1127: error: (-2:Unspecified error) FAILED: fs.is_open(). Can't open "./resources/detection_model/deploy.prototxt" in function 'cv::dnn::ReadProtoFromTextFile'

2026-02-23 11:43:37,263 - root - ERROR - MiniFASNet initialization failed
Traceback (most recent call last):
  File "c:\Users\BH RENOVATIONS\intelligent-monitoring-system\src\recognition\attendance_webcam.py", line 350, in main
    antispoof_predictor = AntiSpoofPredict(device_id=0)  # use -1 if CUDA issues
  File "C:\Users\BH RENOVATIONS\intelligent-monitoring-system\src\anti_spoof_predict.py", line 61, in __init__
    super(AntiSpoofPredict, self).__init__()
  File "C:\Users\BH RENOVATIONS\intelligent-monitoring-system\src\anti_spoof_predict.py", line 38, in __init__
    self.detector = cv2.dnn.readNetFromCaffe(deploy, caffemodel)
cv2.error: OpenCV(4.13.0) D:\a\opencv-python\opencv-python\opencv\modules\dnn\src\caffe\caffe_io.cpp:1127: error: (-2:Unspecified error) FAILED: fs.is_open(). Can't open "./resources/detection_model/deploy.prototxt" in function 'cv::dnn::ReadProtoFromTextFile'


During handling of the above exception, another exception occurred:

Traceback (most recent call last):
  File "c:\Users\BH RENOVATIONS\intelligent-monitoring-system\src\recognition\attendance_webcam.py", line 353, in main
    antispoof_predictor = AntiSpoofPredict(device_id=-1)
  File "C:\Users\BH RENOVATIONS\intelligent-monitoring-system\src\anti_spoof_predict.py", line 61, in __init__
    super(AntiSpoofPredict, self).__init__()
  File "C:\Users\BH RENOVATIONS\intelligent-monitoring-system\src\anti_spoof_predict.py", line 38, in __init__
    self.detector = cv2.dnn.readNetFromCaffe(deploy, caffemodel)
cv2.error: OpenCV(4.13.0) D:\a\opencv-python\opencv-python\opencv\modules\dnn\src\caffe\caffe_io.cpp:1127: error: (-2:Unspecified error) FAILED: fs.is_open(). Can't open "./resources/detection_model/deploy.prototxt" in function 'cv::dnn::ReadProtoFromTextFile'

2026-02-23 11:43:37,264 - root - WARNING - System will still recognize faces, but liveness enforcement is OFF.
2026-02-23 11:43:38,305 - root - INFO - Warming up RTSP stream...
2026-02-23 11:43:38,772 - root - INFO - Got 15/15 frames
2026-02-23 11:43:39,285 - root - INFO - RTSP open: True
2026-02-23 11:43:42,213 - root - INFO - 2026-02-23 11:43:42 | Nour -> check_in
2026-02-23 11:43:58,008 - root - INFO - 2026-02-23 11:43:58 | Amir -> check_in
2026-02-23 11:44:07,671 - root - WARNING - No frame (1/15) - retrying...
2026-02-23 11:44:07,968 - root - WARNING - No frame (6/15) - retrying...
2026-02-23 11:44:08,280 - root - WARNING - No frame (11/15) - retrying...
2026-02-23 11:44:08,589 - root - WARNING - No frame (16/15) - retrying...
2026-02-23 11:44:08,589 - root - WARNING - Stream loss detected. Reconnecting...
2026-02-23 11:44:10,642 - root - INFO - Ctrl+C detected. Shutting down gracefully...
2026-02-23 11:44:10,642 - root - INFO - Cleaning up...
2026-02-23 11:44:10,657 - root - INFO - Done.
2026-02-23 12:12:29,136 - root - INFO - STARTING attendance (RTSP + InsightFace + DeepSORT + MiniFASNet)
2026-02-23 12:12:29,137 - root - INFO - ROOT: C:\Users\BH RENOVATIONS\intelligent-monitoring-system
2026-02-23 12:12:29,137 - root - INFO - EMB_DIR: C:\Users\BH RENOVATIONS\intelligent-monitoring-system\models\embeddings
2026-02-23 12:12:29,138 - root - INFO - DB: C:\Users\BH RENOVATIONS\intelligent-monitoring-system\data\db\attendances.db
2026-02-23 12:12:29,140 - root - INFO - Loaded 2 known embeddings (dim=512)
2026-02-23 12:12:29,141 - root - INFO - Known identities: ['Amir', 'Nour']
2026-02-23 12:12:29,143 - root - INFO - Loaded 2 check-ins for today from DB.
2026-02-23 12:12:29,144 - root - INFO - Loading InsightFace model (buffalo_l)...
2026-02-23 12:12:31,205 - root - INFO - InsightFace initialized with CUDA provider.
2026-02-23 12:12:31,206 - deep_sort_realtime.deepsort_tracker - INFO - DeepSort Tracker initialised
2026-02-23 12:12:31,206 - deep_sort_realtime.deepsort_tracker - INFO - - max age: 30
2026-02-23 12:12:31,207 - deep_sort_realtime.deepsort_tracker - INFO - - appearance threshold: 0.4
2026-02-23 12:12:31,208 - deep_sort_realtime.deepsort_tracker - INFO - - nms threshold: OFF
2026-02-23 12:12:31,208 - deep_sort_realtime.deepsort_tracker - INFO - - max num of appearance features: 100
2026-02-23 12:12:31,208 - deep_sort_realtime.deepsort_tracker - INFO - - overriding track class : No
2026-02-23 12:12:31,210 - deep_sort_realtime.deepsort_tracker - INFO - - today given : No
2026-02-23 12:12:31,210 - deep_sort_realtime.deepsort_tracker - INFO - - in-build embedder : No
2026-02-23 12:12:31,210 - deep_sort_realtime.deepsort_tracker - INFO - - polygon detections : No
2026-02-23 12:12:31,211 - root - INFO - DeepSORT tracker initialized.
2026-02-23 12:12:31,574 - root - INFO - MiniFASNet loaded on cuda: 2.7_80x80_MiniFASNetV2.pth, 4_0_0_80x80_MiniFASNetV1SE.pth
2026-02-23 12:12:31,574 - root - INFO - MiniFASNet classes imported from: C:\Users\BH RENOVATIONS\intelligent-monitoring-system\src\model_lib\MiniFASNet.py
2026-02-23 12:12:31,575 - root - WARNING - AntiSpoofPredict CUDA init failed, falling back to CPU: OpenCV(4.13.0) D:\a\opencv-python\opencv-python\opencv\modules\dnn\src\caffe\caffe_io.cpp:1127: error: (-2:Unspecified error) FAILED: fs.is_open(). Can't open "./resources/detection_model/deploy.prototxt" in function 'cv::dnn::ReadProtoFromTextFile'

2026-02-23 12:12:31,577 - root - ERROR - MiniFASNet initialization failed
Traceback (most recent call last):
  File "c:\Users\BH RENOVATIONS\intelligent-monitoring-system\src\recognition\attendance_webcam.py", line 322, in main
    antispoof_predictor = AntiSpoofPredict(device_id=0)
  File "C:\Users\BH RENOVATIONS\intelligent-monitoring-system\src\anti_spoof_predict.py", line 61, in __init__
    super(AntiSpoofPredict, self).__init__()
  File "C:\Users\BH RENOVATIONS\intelligent-monitoring-system\src\anti_spoof_predict.py", line 38, in __init__
    self.detector = cv2.dnn.readNetFromCaffe(deploy, caffemodel)
cv2.error: OpenCV(4.13.0) D:\a\opencv-python\opencv-python\opencv\modules\dnn\src\caffe\caffe_io.cpp:1127: error: (-2:Unspecified error) FAILED: fs.is_open(). Can't open "./resources/detection_model/deploy.prototxt" in function 'cv::dnn::ReadProtoFromTextFile'


During handling of the above exception, another exception occurred:

Traceback (most recent call last):
  File "c:\Users\BH RENOVATIONS\intelligent-monitoring-system\src\recognition\attendance_webcam.py", line 325, in main
    antispoof_predictor = AntiSpoofPredict(device_id=-1)
  File "C:\Users\BH RENOVATIONS\intelligent-monitoring-system\src\anti_spoof_predict.py", line 61, in __init__
    super(AntiSpoofPredict, self).__init__()
  File "C:\Users\BH RENOVATIONS\intelligent-monitoring-system\src\anti_spoof_predict.py", line 38, in __init__
    self.detector = cv2.dnn.readNetFromCaffe(deploy, caffemodel)
cv2.error: OpenCV(4.13.0) D:\a\opencv-python\opencv-python\opencv\modules\dnn\src\caffe\caffe_io.cpp:1127: error: (-2:Unspecified error) FAILED: fs.is_open(). Can't open "./resources/detection_model/deploy.prototxt" in function 'cv::dnn::ReadProtoFromTextFile'

2026-02-23 12:12:31,578 - root - WARNING - System will still recognize faces, but liveness enforcement is OFF.
2026-02-23 12:12:31,579 - root - INFO - Pipeline: Face Detection -> Liveness -> Recognition -> Tracking -> Attendance
2026-02-23 12:12:32,643 - root - INFO - Warming up RTSP stream...
2026-02-23 12:12:33,112 - root - INFO - Got 15/15 frames
2026-02-23 12:12:33,625 - root - INFO - RTSP open: True
2026-02-23 12:13:02,386 - root - INFO - Ctrl+C detected. Shutting down gracefully...
2026-02-23 12:13:02,387 - root - INFO - Cleaning up...
2026-02-23 12:13:02,393 - root - INFO - Done.
2026-02-23 12:15:32,207 - root - INFO - STARTING attendance (RTSP + InsightFace + DeepSORT + MiniFASNet)
2026-02-23 12:15:32,207 - root - INFO - ROOT: C:\Users\BH RENOVATIONS\intelligent-monitoring-system
2026-02-23 12:15:32,207 - root - INFO - EMB_DIR: C:\Users\BH RENOVATIONS\intelligent-monitoring-system\models\embeddings
2026-02-23 12:15:32,207 - root - INFO - DB: C:\Users\BH RENOVATIONS\intelligent-monitoring-system\data\db\attendances.db
2026-02-23 12:15:32,209 - root - INFO - Loaded 2 known embeddings (dim=512)
2026-02-23 12:15:32,209 - root - INFO - Known identities: ['Amir', 'Nour']
2026-02-23 12:15:32,212 - root - INFO - Loaded 2 check-ins for today from DB.
2026-02-23 12:15:32,212 - root - INFO - Loading InsightFace model (buffalo_l)...
2026-02-23 12:15:33,741 - root - INFO - InsightFace initialized with CUDA provider.
2026-02-23 12:15:33,742 - deep_sort_realtime.deepsort_tracker - INFO - DeepSort Tracker initialised
2026-02-23 12:15:33,743 - deep_sort_realtime.deepsort_tracker - INFO - - max age: 30
2026-02-23 12:15:33,743 - deep_sort_realtime.deepsort_tracker - INFO - - appearance threshold: 0.4
2026-02-23 12:15:33,743 - deep_sort_realtime.deepsort_tracker - INFO - - nms threshold: OFF
2026-02-23 12:15:33,743 - deep_sort_realtime.deepsort_tracker - INFO - - max num of appearance features: 100
2026-02-23 12:15:33,743 - deep_sort_realtime.deepsort_tracker - INFO - - overriding track class : No
2026-02-23 12:15:33,744 - deep_sort_realtime.deepsort_tracker - INFO - - today given : No
2026-02-23 12:15:33,744 - deep_sort_realtime.deepsort_tracker - INFO - - in-build embedder : No
2026-02-23 12:15:33,744 - deep_sort_realtime.deepsort_tracker - INFO - - polygon detections : No
2026-02-23 12:15:33,744 - root - INFO - DeepSORT tracker initialized.
2026-02-23 12:15:34,076 - root - INFO - MiniFASNet loaded on cuda: 2.7_80x80_MiniFASNetV2.pth, 4_0_0_80x80_MiniFASNetV1SE.pth
2026-02-23 12:15:34,077 - root - INFO - MiniFASNet classes imported from: C:\Users\BH RENOVATIONS\intelligent-monitoring-system\src\model_lib\MiniFASNet.py
2026-02-23 12:15:34,077 - root - WARNING - AntiSpoofPredict CUDA init failed, falling back to CPU: OpenCV(4.13.0) D:\a\opencv-python\opencv-python\opencv\modules\dnn\src\caffe\caffe_io.cpp:1127: error: (-2:Unspecified error) FAILED: fs.is_open(). Can't open "./resources/detection_model/deploy.prototxt" in function 'cv::dnn::ReadProtoFromTextFile'

2026-02-23 12:15:34,079 - root - ERROR - MiniFASNet initialization failed
Traceback (most recent call last):
  File "c:\Users\BH RENOVATIONS\intelligent-monitoring-system\src\recognition\attendance_webcam.py", line 322, in main
    antispoof_predictor = AntiSpoofPredict(device_id=0)
  File "C:\Users\BH RENOVATIONS\intelligent-monitoring-system\src\anti_spoof_predict.py", line 61, in __init__
    super(AntiSpoofPredict, self).__init__()
  File "C:\Users\BH RENOVATIONS\intelligent-monitoring-system\src\anti_spoof_predict.py", line 38, in __init__
    self.detector = cv2.dnn.readNetFromCaffe(deploy, caffemodel)
cv2.error: OpenCV(4.13.0) D:\a\opencv-python\opencv-python\opencv\modules\dnn\src\caffe\caffe_io.cpp:1127: error: (-2:Unspecified error) FAILED: fs.is_open(). Can't open "./resources/detection_model/deploy.prototxt" in function 'cv::dnn::ReadProtoFromTextFile'


During handling of the above exception, another exception occurred:

Traceback (most recent call last):
  File "c:\Users\BH RENOVATIONS\intelligent-monitoring-system\src\recognition\attendance_webcam.py", line 325, in main
    antispoof_predictor = AntiSpoofPredict(device_id=-1)
  File "C:\Users\BH RENOVATIONS\intelligent-monitoring-system\src\anti_spoof_predict.py", line 61, in __init__
    super(AntiSpoofPredict, self).__init__()
  File "C:\Users\BH RENOVATIONS\intelligent-monitoring-system\src\anti_spoof_predict.py", line 38, in __init__
    self.detector = cv2.dnn.readNetFromCaffe(deploy, caffemodel)
cv2.error: OpenCV(4.13.0) D:\a\opencv-python\opencv-python\opencv\modules\dnn\src\caffe\caffe_io.cpp:1127: error: (-2:Unspecified error) FAILED: fs.is_open(). Can't open "./resources/detection_model/deploy.prototxt" in function 'cv::dnn::ReadProtoFromTextFile'

2026-02-23 12:15:34,080 - root - WARNING - System will still recognize faces, but liveness enforcement is OFF.
2026-02-23 12:15:34,080 - root - INFO - Pipeline: Face Detection -> Liveness -> Recognition -> Tracking -> Attendance
2026-02-23 12:15:35,129 - root - INFO - Warming up RTSP stream...
2026-02-23 12:15:35,589 - root - INFO - Got 15/15 frames
2026-02-23 12:15:36,099 - root - INFO - RTSP open: True
2026-02-23 12:15:49,278 - root - INFO - Ctrl+C detected. Shutting down gracefully...
2026-02-23 12:15:49,279 - root - INFO - Cleaning up...
2026-02-23 12:15:49,288 - root - INFO - Done.
2026-02-23 12:36:37,009 - root - INFO - STARTING attendance (RTSP + InsightFace + DeepSORT + MiniFASNet)
2026-02-23 12:36:37,009 - root - INFO - ROOT: C:\Users\BH RENOVATIONS\intelligent-monitoring-system
2026-02-23 12:36:37,009 - root - INFO - EMB_DIR: C:\Users\BH RENOVATIONS\intelligent-monitoring-system\models\embeddings
2026-02-23 12:36:37,010 - root - INFO - DB: C:\Users\BH RENOVATIONS\intelligent-monitoring-system\data\db\attendances.db
2026-02-23 12:36:37,011 - root - INFO - Loaded 2 known embeddings (dim=512)
2026-02-23 12:36:37,011 - root - INFO - Known identities: ['Amir', 'Nour']
2026-02-23 12:36:37,014 - root - INFO - Loaded 2 check-ins for today from DB.
2026-02-23 12:36:37,014 - root - INFO - Loading InsightFace model (buffalo_l)...
2026-02-23 12:36:38,844 - root - INFO - InsightFace initialized with CUDA provider.
2026-02-23 12:36:38,845 - deep_sort_realtime.deepsort_tracker - INFO - DeepSort Tracker initialised
2026-02-23 12:36:38,845 - deep_sort_realtime.deepsort_tracker - INFO - - max age: 30
2026-02-23 12:36:38,846 - deep_sort_realtime.deepsort_tracker - INFO - - appearance threshold: 0.4
2026-02-23 12:36:38,846 - deep_sort_realtime.deepsort_tracker - INFO - - nms threshold: OFF
2026-02-23 12:36:38,846 - deep_sort_realtime.deepsort_tracker - INFO - - max num of appearance features: 100
2026-02-23 12:36:38,846 - deep_sort_realtime.deepsort_tracker - INFO - - overriding track class : No
2026-02-23 12:36:38,847 - deep_sort_realtime.deepsort_tracker - INFO - - today given : No
2026-02-23 12:36:38,847 - deep_sort_realtime.deepsort_tracker - INFO - - in-build embedder : No
2026-02-23 12:36:38,847 - deep_sort_realtime.deepsort_tracker - INFO - - polygon detections : No
2026-02-23 12:36:38,847 - root - INFO - DeepSORT tracker initialized.
2026-02-23 12:36:39,216 - root - INFO - MiniFASNet loaded on cuda: 2.7_80x80_MiniFASNetV2.pth, 4_0_0_80x80_MiniFASNetV1SE.pth
2026-02-23 12:36:39,216 - root - INFO - MiniFASNet classes imported from: C:\Users\BH RENOVATIONS\intelligent-monitoring-system\src\model_lib\MiniFASNet.py
2026-02-23 12:36:39,218 - root - WARNING - AntiSpoofPredict CUDA init failed, falling back to CPU: OpenCV(4.13.0) D:\a\opencv-python\opencv-python\opencv\modules\dnn\src\caffe\caffe_io.cpp:1127: error: (-2:Unspecified error) FAILED: fs.is_open(). Can't open "./resources/detection_model/deploy.prototxt" in function 'cv::dnn::ReadProtoFromTextFile'

2026-02-23 12:36:39,220 - root - ERROR - MiniFASNet initialization failed
Traceback (most recent call last):
  File "c:\Users\BH RENOVATIONS\intelligent-monitoring-system\src\recognition\attendance_webcam.py", line 322, in main
    antispoof_predictor = AntiSpoofPredict(device_id=0)
  File "C:\Users\BH RENOVATIONS\intelligent-monitoring-system\src\anti_spoof_predict.py", line 61, in __init__
    super(AntiSpoofPredict, self).__init__()
  File "C:\Users\BH RENOVATIONS\intelligent-monitoring-system\src\anti_spoof_predict.py", line 38, in __init__
    self.detector = cv2.dnn.readNetFromCaffe(deploy, caffemodel)
cv2.error: OpenCV(4.13.0) D:\a\opencv-python\opencv-python\opencv\modules\dnn\src\caffe\caffe_io.cpp:1127: error: (-2:Unspecified error) FAILED: fs.is_open(). Can't open "./resources/detection_model/deploy.prototxt" in function 'cv::dnn::ReadProtoFromTextFile'


During handling of the above exception, another exception occurred:

Traceback (most recent call last):
  File "c:\Users\BH RENOVATIONS\intelligent-monitoring-system\src\recognition\attendance_webcam.py", line 325, in main
    antispoof_predictor = AntiSpoofPredict(device_id=-1)
  File "C:\Users\BH RENOVATIONS\intelligent-monitoring-system\src\anti_spoof_predict.py", line 61, in __init__
    super(AntiSpoofPredict, self).__init__()
  File "C:\Users\BH RENOVATIONS\intelligent-monitoring-system\src\anti_spoof_predict.py", line 38, in __init__
    self.detector = cv2.dnn.readNetFromCaffe(deploy, caffemodel)
cv2.error: OpenCV(4.13.0) D:\a\opencv-python\opencv-python\opencv\modules\dnn\src\caffe\caffe_io.cpp:1127: error: (-2:Unspecified error) FAILED: fs.is_open(). Can't open "./resources/detection_model/deploy.prototxt" in function 'cv::dnn::ReadProtoFromTextFile'

2026-02-23 12:36:39,221 - root - WARNING - System will still recognize faces, but liveness enforcement is OFF.
2026-02-23 12:36:39,222 - root - INFO - Pipeline: Face Detection -> Liveness -> Recognition -> Tracking -> Attendance
2026-02-23 12:36:40,311 - root - INFO - Warming up RTSP stream...
2026-02-23 12:36:40,775 - root - INFO - Got 15/15 frames
2026-02-23 12:36:41,284 - root - INFO - RTSP open: True
2026-02-23 12:36:57,240 - root - INFO - Ctrl+C detected. Shutting down gracefully...
2026-02-23 12:36:57,240 - root - INFO - Cleaning up...
2026-02-23 12:36:57,249 - root - INFO - Done.
2026-02-23 12:39:37,808 - root - INFO - STARTING attendance (RTSP + InsightFace + DeepSORT + MiniFASNet)
2026-02-23 12:39:37,809 - root - INFO - ROOT: C:\Users\BH RENOVATIONS\intelligent-monitoring-system
2026-02-23 12:39:37,809 - root - INFO - EMB_DIR: C:\Users\BH RENOVATIONS\intelligent-monitoring-system\models\embeddings
2026-02-23 12:39:37,809 - root - INFO - DB: C:\Users\BH RENOVATIONS\intelligent-monitoring-system\data\db\attendances.db
2026-02-23 12:39:37,811 - root - INFO - Loaded 2 known embeddings (dim=512)
2026-02-23 12:39:37,811 - root - INFO - Known identities: ['Amir', 'Nour']
2026-02-23 12:39:37,813 - root - INFO - Loaded 2 check-ins for today from DB.
2026-02-23 12:39:37,813 - root - INFO - Loading InsightFace model (buffalo_l)...
2026-02-23 12:39:39,476 - root - INFO - InsightFace initialized with CUDA provider.
2026-02-23 12:39:39,477 - deep_sort_realtime.deepsort_tracker - INFO - DeepSort Tracker initialised
2026-02-23 12:39:39,477 - deep_sort_realtime.deepsort_tracker - INFO - - max age: 30
2026-02-23 12:39:39,477 - deep_sort_realtime.deepsort_tracker - INFO - - appearance threshold: 0.4
2026-02-23 12:39:39,477 - deep_sort_realtime.deepsort_tracker - INFO - - nms threshold: OFF
2026-02-23 12:39:39,477 - deep_sort_realtime.deepsort_tracker - INFO - - max num of appearance features: 100
2026-02-23 12:39:39,478 - deep_sort_realtime.deepsort_tracker - INFO - - overriding track class : No
2026-02-23 12:39:39,478 - deep_sort_realtime.deepsort_tracker - INFO - - today given : No
2026-02-23 12:39:39,478 - deep_sort_realtime.deepsort_tracker - INFO - - in-build embedder : No
2026-02-23 12:39:39,478 - deep_sort_realtime.deepsort_tracker - INFO - - polygon detections : No
2026-02-23 12:39:39,478 - root - INFO - DeepSORT tracker initialized.
2026-02-23 12:39:39,826 - root - INFO - MiniFASNet loaded on cuda: 2.7_80x80_MiniFASNetV2.pth, 4_0_0_80x80_MiniFASNetV1SE.pth
2026-02-23 12:39:39,826 - root - INFO - MiniFASNet classes imported from: C:\Users\BH RENOVATIONS\intelligent-monitoring-system\src\model_lib\MiniFASNet.py
2026-02-23 12:39:39,827 - root - WARNING - AntiSpoofPredict CUDA init failed, falling back to CPU: OpenCV(4.13.0) D:\a\opencv-python\opencv-python\opencv\modules\dnn\src\caffe\caffe_io.cpp:1127: error: (-2:Unspecified error) FAILED: fs.is_open(). Can't open "./resources/detection_model/deploy.prototxt" in function 'cv::dnn::ReadProtoFromTextFile'

2026-02-23 12:39:39,828 - root - ERROR - MiniFASNet initialization failed
Traceback (most recent call last):
  File "c:\Users\BH RENOVATIONS\intelligent-monitoring-system\src\recognition\attendance_webcam.py", line 322, in main
    antispoof_predictor = AntiSpoofPredict(device_id=0)
  File "C:\Users\BH RENOVATIONS\intelligent-monitoring-system\src\anti_spoof_predict.py", line 61, in __init__
    super(AntiSpoofPredict, self).__init__()
  File "C:\Users\BH RENOVATIONS\intelligent-monitoring-system\src\anti_spoof_predict.py", line 38, in __init__
    self.detector = cv2.dnn.readNetFromCaffe(deploy, caffemodel)
cv2.error: OpenCV(4.13.0) D:\a\opencv-python\opencv-python\opencv\modules\dnn\src\caffe\caffe_io.cpp:1127: error: (-2:Unspecified error) FAILED: fs.is_open(). Can't open "./resources/detection_model/deploy.prototxt" in function 'cv::dnn::ReadProtoFromTextFile'


During handling of the above exception, another exception occurred:

Traceback (most recent call last):
  File "c:\Users\BH RENOVATIONS\intelligent-monitoring-system\src\recognition\attendance_webcam.py", line 325, in main
    antispoof_predictor = AntiSpoofPredict(device_id=-1)
  File "C:\Users\BH RENOVATIONS\intelligent-monitoring-system\src\anti_spoof_predict.py", line 61, in __init__
    super(AntiSpoofPredict, self).__init__()
  File "C:\Users\BH RENOVATIONS\intelligent-monitoring-system\src\anti_spoof_predict.py", line 38, in __init__
    self.detector = cv2.dnn.readNetFromCaffe(deploy, caffemodel)
cv2.error: OpenCV(4.13.0) D:\a\opencv-python\opencv-python\opencv\modules\dnn\src\caffe\caffe_io.cpp:1127: error: (-2:Unspecified error) FAILED: fs.is_open(). Can't open "./resources/detection_model/deploy.prototxt" in function 'cv::dnn::ReadProtoFromTextFile'

2026-02-23 12:39:39,831 - root - WARNING - System will still recognize faces, but liveness enforcement is OFF.
2026-02-23 12:39:39,831 - root - INFO - Pipeline: Face Detection -> Liveness -> Recognition -> Tracking -> Attendance
2026-02-23 12:39:41,178 - root - INFO - Warming up RTSP stream...
2026-02-23 12:39:41,643 - root - INFO - Got 15/15 frames
2026-02-23 12:39:42,152 - root - INFO - RTSP open: True
2026-02-23 12:39:52,512 - root - INFO - Ctrl+C detected. Shutting down gracefully...
2026-02-23 12:39:52,513 - root - INFO - Cleaning up...
2026-02-23 12:39:52,521 - root - INFO - Done.
2026-02-23 12:43:26,290 - root - INFO - STARTING attendance (RTSP + InsightFace + DeepSORT + MiniFASNet)
2026-02-23 12:43:26,291 - root - INFO - ROOT: C:\Users\BH RENOVATIONS\intelligent-monitoring-system
2026-02-23 12:43:26,291 - root - INFO - EMB_DIR: C:\Users\BH RENOVATIONS\intelligent-monitoring-system\models\embeddings
2026-02-23 12:43:26,291 - root - INFO - DB: C:\Users\BH RENOVATIONS\intelligent-monitoring-system\data\db\attendances.db
2026-02-23 12:43:26,292 - root - INFO - Loaded 2 known embeddings (dim=512)
2026-02-23 12:43:26,293 - root - INFO - Known identities: ['Amir', 'Nour']
2026-02-23 12:43:26,295 - root - INFO - Loaded 2 check-ins for today from DB.
2026-02-23 12:43:26,295 - root - INFO - Loading InsightFace model (buffalo_l)...
2026-02-23 12:43:27,845 - root - INFO - InsightFace initialized with CUDA provider.
2026-02-23 12:43:27,847 - deep_sort_realtime.deepsort_tracker - INFO - DeepSort Tracker initialised
2026-02-23 12:43:27,847 - deep_sort_realtime.deepsort_tracker - INFO - - max age: 30
2026-02-23 12:43:27,848 - deep_sort_realtime.deepsort_tracker - INFO - - appearance threshold: 0.4
2026-02-23 12:43:27,848 - deep_sort_realtime.deepsort_tracker - INFO - - nms threshold: OFF
2026-02-23 12:43:27,848 - deep_sort_realtime.deepsort_tracker - INFO - - max num of appearance features: 100
2026-02-23 12:43:27,849 - deep_sort_realtime.deepsort_tracker - INFO - - overriding track class : No
2026-02-23 12:43:27,849 - deep_sort_realtime.deepsort_tracker - INFO - - today given : No
2026-02-23 12:43:27,849 - deep_sort_realtime.deepsort_tracker - INFO - - in-build embedder : No
2026-02-23 12:43:27,849 - deep_sort_realtime.deepsort_tracker - INFO - - polygon detections : No
2026-02-23 12:43:27,850 - root - INFO - DeepSORT tracker initialized.
2026-02-23 12:43:28,201 - root - INFO - MiniFASNet loaded on cuda: 2.7_80x80_MiniFASNetV2.pth, 4_0_0_80x80_MiniFASNetV1SE.pth
2026-02-23 12:43:28,201 - root - INFO - MiniFASNet classes imported from: C:\Users\BH RENOVATIONS\intelligent-monitoring-system\src\model_lib\MiniFASNet.py
2026-02-23 12:43:28,202 - root - INFO - Anti-spoofing ENABLED (MiniFASNet ensemble + CropImage patches).
2026-02-23 12:43:28,202 - root - INFO - Pipeline: Face Detection -> Liveness -> Recognition -> Tracking -> Attendance
2026-02-23 12:43:29,260 - root - INFO - Warming up RTSP stream...
2026-02-23 12:43:29,720 - root - INFO - Got 15/15 frames
2026-02-23 12:43:30,235 - root - INFO - RTSP open: True
2026-02-23 12:45:09,055 - root - INFO - Ctrl+C detected. Shutting down gracefully...
2026-02-23 12:45:09,057 - root - INFO - Cleaning up...
2026-02-23 12:45:09,064 - root - INFO - Done.
2026-02-23 12:45:26,848 - root - INFO - STARTING attendance (RTSP + InsightFace + DeepSORT + MiniFASNet)
2026-02-23 12:45:26,849 - root - INFO - ROOT: C:\Users\BH RENOVATIONS\intelligent-monitoring-system
2026-02-23 12:45:26,849 - root - INFO - EMB_DIR: C:\Users\BH RENOVATIONS\intelligent-monitoring-system\models\embeddings
2026-02-23 12:45:26,849 - root - INFO - DB: C:\Users\BH RENOVATIONS\intelligent-monitoring-system\data\db\attendances.db
2026-02-23 12:45:26,851 - root - INFO - Loaded 2 known embeddings (dim=512)
2026-02-23 12:45:26,851 - root - INFO - Known identities: ['Amir', 'Nour']
2026-02-23 12:45:26,853 - root - INFO - Loaded 2 check-ins for today from DB.
2026-02-23 12:45:26,854 - root - INFO - Loading InsightFace model (buffalo_l)...
2026-02-23 12:45:28,425 - root - INFO - InsightFace initialized with CUDA provider.
2026-02-23 12:45:28,426 - deep_sort_realtime.deepsort_tracker - INFO - DeepSort Tracker initialised
2026-02-23 12:45:28,427 - deep_sort_realtime.deepsort_tracker - INFO - - max age: 30
2026-02-23 12:45:28,427 - deep_sort_realtime.deepsort_tracker - INFO - - appearance threshold: 0.4
2026-02-23 12:45:28,427 - deep_sort_realtime.deepsort_tracker - INFO - - nms threshold: OFF
2026-02-23 12:45:28,427 - deep_sort_realtime.deepsort_tracker - INFO - - max num of appearance features: 100
2026-02-23 12:45:28,427 - deep_sort_realtime.deepsort_tracker - INFO - - overriding track class : No
2026-02-23 12:45:28,427 - deep_sort_realtime.deepsort_tracker - INFO - - today given : No
2026-02-23 12:45:28,427 - deep_sort_realtime.deepsort_tracker - INFO - - in-build embedder : No
2026-02-23 12:45:28,428 - deep_sort_realtime.deepsort_tracker - INFO - - polygon detections : No
2026-02-23 12:45:28,428 - root - INFO - DeepSORT tracker initialized.
2026-02-23 12:45:28,808 - root - INFO - MiniFASNet loaded on cuda: 2.7_80x80_MiniFASNetV2.pth, 4_0_0_80x80_MiniFASNetV1SE.pth
2026-02-23 12:45:28,808 - root - INFO - MiniFASNet classes imported from: C:\Users\BH RENOVATIONS\intelligent-monitoring-system\src\model_lib\MiniFASNet.py
2026-02-23 12:45:28,809 - root - INFO - Anti-spoofing ENABLED (MiniFASNet ensemble + CropImage patches).
2026-02-23 12:45:28,809 - root - INFO - Pipeline: Face Detection -> Liveness -> Recognition -> Tracking -> Attendance
2026-02-23 12:45:29,898 - root - INFO - Warming up RTSP stream...
2026-02-23 12:45:30,359 - root - INFO - Got 15/15 frames
2026-02-23 12:45:30,869 - root - INFO - RTSP open: True
2026-02-23 12:45:32,091 - root - WARNING - No frame (1/15) - retrying...
2026-02-23 12:45:32,396 - root - WARNING - No frame (6/15) - retrying...
2026-02-23 12:45:32,705 - root - WARNING - No frame (11/15) - retrying...
2026-02-23 12:45:33,011 - root - WARNING - No frame (16/15) - retrying...
2026-02-23 12:45:33,011 - root - WARNING - Stream loss detected. Reconnecting...
2026-02-23 12:45:35,078 - root - INFO - Warming up RTSP stream...
2026-02-23 12:45:35,530 - root - INFO - Got 15/15 frames
2026-02-23 12:45:59,460 - root - INFO - Ctrl+C detected. Shutting down gracefully...
2026-02-23 12:45:59,461 - root - INFO - Cleaning up...
2026-02-23 12:45:59,469 - root - INFO - Done.
2026-02-23 12:58:57,046 - root - INFO - STARTING attendance (RTSP + InsightFace + DeepSORT + MiniFASNet)
2026-02-23 12:58:57,046 - root - INFO - ROOT: C:\Users\BH RENOVATIONS\intelligent-monitoring-system
2026-02-23 12:58:57,046 - root - INFO - EMB_DIR: C:\Users\BH RENOVATIONS\intelligent-monitoring-system\models\embeddings
2026-02-23 12:58:57,046 - root - INFO - DB: C:\Users\BH RENOVATIONS\intelligent-monitoring-system\data\db\attendances.db
2026-02-23 12:58:57,048 - root - INFO - Loaded 2 known embeddings (dim=512)
2026-02-23 12:58:57,048 - root - INFO - Known identities: ['Amir', 'Nour']
2026-02-23 12:58:57,050 - root - INFO - Loaded 2 check-ins for today from DB.
2026-02-23 12:58:57,051 - root - INFO - Loading InsightFace model (buffalo_l)...
2026-02-23 12:58:58,626 - root - INFO - InsightFace initialized with CUDA provider.
2026-02-23 12:58:58,627 - deep_sort_realtime.deepsort_tracker - INFO - DeepSort Tracker initialised
2026-02-23 12:58:58,627 - deep_sort_realtime.deepsort_tracker - INFO - - max age: 30
2026-02-23 12:58:58,627 - deep_sort_realtime.deepsort_tracker - INFO - - appearance threshold: 0.4
2026-02-23 12:58:58,627 - deep_sort_realtime.deepsort_tracker - INFO - - nms threshold: OFF
2026-02-23 12:58:58,627 - deep_sort_realtime.deepsort_tracker - INFO - - max num of appearance features: 100
2026-02-23 12:58:58,628 - deep_sort_realtime.deepsort_tracker - INFO - - overriding track class : No
2026-02-23 12:58:58,628 - deep_sort_realtime.deepsort_tracker - INFO - - today given : No
2026-02-23 12:58:58,628 - deep_sort_realtime.deepsort_tracker - INFO - - in-build embedder : No
2026-02-23 12:58:58,628 - deep_sort_realtime.deepsort_tracker - INFO - - polygon detections : No
2026-02-23 12:58:58,628 - root - INFO - DeepSORT tracker initialized.
2026-02-23 12:58:58,995 - root - INFO - MiniFASNet loaded on cuda: 2.7_80x80_MiniFASNetV2.pth, 4_0_0_80x80_MiniFASNetV1SE.pth
2026-02-23 12:58:58,995 - root - INFO - MiniFASNet classes imported from: C:\Users\BH RENOVATIONS\intelligent-monitoring-system\src\model_lib\MiniFASNet.py
2026-02-23 12:58:58,995 - root - INFO - Anti-spoofing ENABLED (MiniFASNet ensemble + CropImage patches).
2026-02-23 12:58:58,996 - root - INFO - Pipeline: Face Detection -> Liveness -> Recognition -> Tracking -> Attendance
2026-02-23 12:59:00,065 - root - INFO - Warming up RTSP stream...
2026-02-23 12:59:00,532 - root - INFO - Got 15/15 frames
2026-02-23 12:59:01,044 - root - INFO - RTSP open: True
2026-02-23 12:59:01,046 - root - INFO - Cleaning up...
2026-02-23 12:59:01,051 - root - INFO - Done.
2026-02-23 12:59:15,243 - root - INFO - STARTING attendance (RTSP + InsightFace + DeepSORT + MiniFASNet)
2026-02-23 12:59:15,243 - root - INFO - ROOT: C:\Users\BH RENOVATIONS\intelligent-monitoring-system
2026-02-23 12:59:15,243 - root - INFO - EMB_DIR: C:\Users\BH RENOVATIONS\intelligent-monitoring-system\models\embeddings
2026-02-23 12:59:15,243 - root - INFO - DB: C:\Users\BH RENOVATIONS\intelligent-monitoring-system\data\db\attendances.db
2026-02-23 12:59:15,245 - root - INFO - Loaded 2 known embeddings (dim=512)
2026-02-23 12:59:15,245 - root - INFO - Known identities: ['Amir', 'Nour']
2026-02-23 12:59:15,247 - root - INFO - Loaded 2 check-ins for today from DB.
2026-02-23 12:59:15,247 - root - INFO - Loading InsightFace model (buffalo_l)...
2026-02-23 12:59:16,741 - root - INFO - InsightFace initialized with CUDA provider.
2026-02-23 12:59:16,742 - deep_sort_realtime.deepsort_tracker - INFO - DeepSort Tracker initialised
2026-02-23 12:59:16,742 - deep_sort_realtime.deepsort_tracker - INFO - - max age: 30
2026-02-23 12:59:16,742 - deep_sort_realtime.deepsort_tracker - INFO - - appearance threshold: 0.4
2026-02-23 12:59:16,743 - deep_sort_realtime.deepsort_tracker - INFO - - nms threshold: OFF
2026-02-23 12:59:16,743 - deep_sort_realtime.deepsort_tracker - INFO - - max num of appearance features: 100
2026-02-23 12:59:16,744 - deep_sort_realtime.deepsort_tracker - INFO - - overriding track class : No
2026-02-23 12:59:16,744 - deep_sort_realtime.deepsort_tracker - INFO - - today given : No
2026-02-23 12:59:16,744 - deep_sort_realtime.deepsort_tracker - INFO - - in-build embedder : No
2026-02-23 12:59:16,745 - deep_sort_realtime.deepsort_tracker - INFO - - polygon detections : No
2026-02-23 12:59:16,745 - root - INFO - DeepSORT tracker initialized.
2026-02-23 12:59:17,080 - root - INFO - MiniFASNet loaded on cuda: 2.7_80x80_MiniFASNetV2.pth, 4_0_0_80x80_MiniFASNetV1SE.pth
2026-02-23 12:59:17,080 - root - INFO - MiniFASNet classes imported from: C:\Users\BH RENOVATIONS\intelligent-monitoring-system\src\model_lib\MiniFASNet.py
2026-02-23 12:59:17,081 - root - INFO - Anti-spoofing ENABLED (MiniFASNet ensemble + CropImage patches).
2026-02-23 12:59:17,081 - root - INFO - Pipeline: Face Detection -> Liveness -> Recognition -> Tracking -> Attendance
2026-02-23 12:59:18,106 - root - INFO - Warming up RTSP stream...
2026-02-23 12:59:18,566 - root - INFO - Got 15/15 frames
2026-02-23 12:59:19,079 - root - INFO - RTSP open: True
2026-02-23 12:59:19,080 - root - INFO - Cleaning up...
2026-02-23 12:59:19,085 - root - INFO - Done.
2026-02-23 13:01:36,129 - root - INFO - STARTING attendance (RTSP + InsightFace + DeepSORT + MiniFASNet)
2026-02-23 13:01:36,129 - root - INFO - ROOT: C:\Users\BH RENOVATIONS\intelligent-monitoring-system
2026-02-23 13:01:36,130 - root - INFO - EMB_DIR: C:\Users\BH RENOVATIONS\intelligent-monitoring-system\models\embeddings
2026-02-23 13:01:36,130 - root - INFO - DB: C:\Users\BH RENOVATIONS\intelligent-monitoring-system\data\db\attendances.db
2026-02-23 13:01:36,132 - root - INFO - Loaded 2 known embeddings (dim=512)
2026-02-23 13:01:36,132 - root - INFO - Known identities: ['Amir', 'Nour']
2026-02-23 13:01:36,134 - root - INFO - Loaded 2 check-ins for today from DB.
2026-02-23 13:01:36,135 - root - INFO - Loading InsightFace model (buffalo_l)...
2026-02-23 13:01:37,680 - root - INFO - InsightFace initialized with CUDA provider.
2026-02-23 13:01:37,681 - deep_sort_realtime.deepsort_tracker - INFO - DeepSort Tracker initialised
2026-02-23 13:01:37,681 - deep_sort_realtime.deepsort_tracker - INFO - - max age: 30
2026-02-23 13:01:37,681 - deep_sort_realtime.deepsort_tracker - INFO - - appearance threshold: 0.4
2026-02-23 13:01:37,681 - deep_sort_realtime.deepsort_tracker - INFO - - nms threshold: OFF
2026-02-23 13:01:37,681 - deep_sort_realtime.deepsort_tracker - INFO - - max num of appearance features: 100
2026-02-23 13:01:37,682 - deep_sort_realtime.deepsort_tracker - INFO - - overriding track class : No
2026-02-23 13:01:37,682 - deep_sort_realtime.deepsort_tracker - INFO - - today given : No
2026-02-23 13:01:37,682 - deep_sort_realtime.deepsort_tracker - INFO - - in-build embedder : No
2026-02-23 13:01:37,682 - deep_sort_realtime.deepsort_tracker - INFO - - polygon detections : No
2026-02-23 13:01:37,682 - root - INFO - DeepSORT tracker initialized.
2026-02-23 13:01:38,021 - root - INFO - MiniFASNet loaded on cuda: 2.7_80x80_MiniFASNetV2.pth, 4_0_0_80x80_MiniFASNetV1SE.pth
2026-02-23 13:01:38,022 - root - INFO - MiniFASNet classes imported from: C:\Users\BH RENOVATIONS\intelligent-monitoring-system\src\model_lib\MiniFASNet.py
2026-02-23 13:01:38,022 - root - INFO - Anti-spoofing ENABLED (MiniFASNet ensemble + CropImage patches).
2026-02-23 13:01:38,022 - root - INFO - Pipeline: Face Detection -> Liveness -> Recognition -> Tracking -> Attendance
2026-02-23 13:01:39,078 - root - INFO - Warming up RTSP stream...
2026-02-23 13:01:39,539 - root - INFO - Got 15/15 frames
2026-02-23 13:01:40,050 - root - INFO - RTSP open: True
2026-02-23 13:01:42,538 - root - INFO - Cleaning up...
2026-02-23 13:01:42,574 - root - INFO - Done.
2026-02-23 13:02:05,436 - root - INFO - STARTING attendance (RTSP + InsightFace + DeepSORT + MiniFASNet)
2026-02-23 13:02:05,436 - root - INFO - ROOT: C:\Users\BH RENOVATIONS\intelligent-monitoring-system
2026-02-23 13:02:05,437 - root - INFO - EMB_DIR: C:\Users\BH RENOVATIONS\intelligent-monitoring-system\models\embeddings
2026-02-23 13:02:05,437 - root - INFO - DB: C:\Users\BH RENOVATIONS\intelligent-monitoring-system\data\db\attendances.db
2026-02-23 13:02:05,438 - root - INFO - Loaded 2 known embeddings (dim=512)
2026-02-23 13:02:05,438 - root - INFO - Known identities: ['Amir', 'Nour']
2026-02-23 13:02:05,440 - root - INFO - Loaded 2 check-ins for today from DB.
2026-02-23 13:02:05,440 - root - INFO - Loading InsightFace model (buffalo_l)...
2026-02-23 13:02:07,000 - root - INFO - InsightFace initialized with CUDA provider.
2026-02-23 13:02:07,001 - deep_sort_realtime.deepsort_tracker - INFO - DeepSort Tracker initialised
2026-02-23 13:02:07,001 - deep_sort_realtime.deepsort_tracker - INFO - - max age: 30
2026-02-23 13:02:07,001 - deep_sort_realtime.deepsort_tracker - INFO - - appearance threshold: 0.4
2026-02-23 13:02:07,002 - deep_sort_realtime.deepsort_tracker - INFO - - nms threshold: OFF
2026-02-23 13:02:07,002 - deep_sort_realtime.deepsort_tracker - INFO - - max num of appearance features: 100
2026-02-23 13:02:07,002 - deep_sort_realtime.deepsort_tracker - INFO - - overriding track class : No
2026-02-23 13:02:07,002 - deep_sort_realtime.deepsort_tracker - INFO - - today given : No
2026-02-23 13:02:07,002 - deep_sort_realtime.deepsort_tracker - INFO - - in-build embedder : No
2026-02-23 13:02:07,003 - deep_sort_realtime.deepsort_tracker - INFO - - polygon detections : No
2026-02-23 13:02:07,003 - root - INFO - DeepSORT tracker initialized.
2026-02-23 13:02:07,371 - root - INFO - MiniFASNet loaded on cuda: 2.7_80x80_MiniFASNetV2.pth, 4_0_0_80x80_MiniFASNetV1SE.pth
2026-02-23 13:02:07,372 - root - INFO - MiniFASNet classes imported from: C:\Users\BH RENOVATIONS\intelligent-monitoring-system\src\model_lib\MiniFASNet.py
2026-02-23 13:02:07,372 - root - INFO - Anti-spoofing ENABLED (MiniFASNet ensemble + CropImage patches).
2026-02-23 13:02:07,373 - root - INFO - Pipeline: Face Detection -> Liveness -> Recognition -> Tracking -> Attendance
2026-02-23 13:02:08,414 - root - INFO - Warming up RTSP stream...
2026-02-23 13:02:08,871 - root - INFO - Got 15/15 frames
2026-02-23 13:02:09,384 - root - INFO - RTSP open: True
2026-02-23 13:02:25,533 - root - INFO - Cleaning up...
2026-02-23 13:02:25,541 - root - INFO - Done.
2026-02-23 13:07:01,509 - root - INFO - STARTING attendance (RTSP + InsightFace + DeepSORT + MiniFASNet)
2026-02-23 13:07:01,509 - root - INFO - ROOT: C:\Users\BH RENOVATIONS\intelligent-monitoring-system
2026-02-23 13:07:01,510 - root - INFO - EMB_DIR: C:\Users\BH RENOVATIONS\intelligent-monitoring-system\models\embeddings
2026-02-23 13:07:01,510 - root - INFO - DB: C:\Users\BH RENOVATIONS\intelligent-monitoring-system\data\db\attendances.db
2026-02-23 13:07:02,472 - root - INFO - MiniFASNet loaded on cuda: 2.7_80x80_MiniFASNetV2.pth, 4_0_0_80x80_MiniFASNetV1SE.pth
2026-02-23 13:07:02,473 - root - INFO - MiniFASNet classes imported from: C:\Users\BH RENOVATIONS\intelligent-monitoring-system\src\model_lib\MiniFASNet.py
2026-02-23 13:07:02,473 - root - INFO - Anti-spoofing ENABLED (MiniFASNet ensemble + CropImage patches).
2026-02-23 13:07:02,474 - root - INFO - Pipeline: Face Detection -> Liveness -> Recognition -> Tracking -> Attendance
2026-02-23 13:07:03,542 - root - INFO - Warming up RTSP stream...
2026-02-23 13:07:04,013 - root - INFO - Got 15/15 frames
2026-02-23 13:07:04,516 - root - INFO - RTSP open: True
2026-02-23 13:07:04,518 - root - INFO - Cleaning up...
2026-02-23 13:10:49,031 - root - INFO - STARTING attendance (RTSP + InsightFace + DeepSORT + MiniFASNet)
2026-02-23 13:10:49,032 - root - INFO - ROOT: C:\Users\BH RENOVATIONS\intelligent-monitoring-system
2026-02-23 13:10:49,032 - root - INFO - EMB_DIR: C:\Users\BH RENOVATIONS\intelligent-monitoring-system\models\embeddings
2026-02-23 13:10:49,032 - root - INFO - DB: C:\Users\BH RENOVATIONS\intelligent-monitoring-system\data\db\attendances.db
2026-02-23 13:10:49,033 - root - INFO - Loaded 2 known embeddings (dim=512)
2026-02-23 13:10:49,034 - root - INFO - Known identities: ['Amir', 'Nour']
2026-02-23 13:10:49,036 - root - INFO - Loaded 2 check-ins for today from DB.
2026-02-23 13:10:49,036 - root - INFO - Loading InsightFace model (buffalo_l)...
2026-02-23 13:10:50,562 - root - INFO - InsightFace initialized with CUDA provider.
2026-02-23 13:10:50,563 - deep_sort_realtime.deepsort_tracker - INFO - DeepSort Tracker initialised
2026-02-23 13:10:50,563 - deep_sort_realtime.deepsort_tracker - INFO - - max age: 30
2026-02-23 13:10:50,563 - deep_sort_realtime.deepsort_tracker - INFO - - appearance threshold: 0.4
2026-02-23 13:10:50,564 - deep_sort_realtime.deepsort_tracker - INFO - - nms threshold: OFF
2026-02-23 13:10:50,564 - deep_sort_realtime.deepsort_tracker - INFO - - max num of appearance features: 100
2026-02-23 13:10:50,564 - deep_sort_realtime.deepsort_tracker - INFO - - overriding track class : No
2026-02-23 13:10:50,564 - deep_sort_realtime.deepsort_tracker - INFO - - today given : No
2026-02-23 13:10:50,564 - deep_sort_realtime.deepsort_tracker - INFO - - in-build embedder : No
2026-02-23 13:10:50,564 - deep_sort_realtime.deepsort_tracker - INFO - - polygon detections : No
2026-02-23 13:10:50,564 - root - INFO - DeepSORT tracker initialized.
2026-02-23 13:10:50,914 - root - INFO - MiniFASNet loaded on cuda: 2.7_80x80_MiniFASNetV2.pth, 4_0_0_80x80_MiniFASNetV1SE.pth
2026-02-23 13:10:50,914 - root - INFO - MiniFASNet classes imported from: C:\Users\BH RENOVATIONS\intelligent-monitoring-system\src\model_lib\MiniFASNet.py
2026-02-23 13:10:50,914 - root - INFO - Anti-spoofing ENABLED (MiniFASNet ensemble + CropImage patches).
2026-02-23 13:10:50,914 - root - INFO - Pipeline: InsightFace -> DeepSORT -> CropImage -> MiniFASNet -> Attendance
2026-02-23 13:10:52,675 - root - INFO - Warming up RTSP stream...
2026-02-23 13:10:53,137 - root - INFO - Got 15/15 frames
2026-02-23 13:10:53,649 - root - INFO - RTSP open: True
2026-02-23 13:11:13,570 - root - INFO - Ctrl+C detected. Shutting down gracefully...
2026-02-23 13:11:13,570 - root - INFO - Cleaning up...
2026-02-23 13:11:13,578 - root - INFO - Done.
2026-02-23 13:15:01,958 - root - INFO - STARTING attendance (RTSP + InsightFace + DeepSORT + MiniFASNet)
2026-02-23 13:15:01,958 - root - INFO - ROOT: C:\Users\BH RENOVATIONS\intelligent-monitoring-system
2026-02-23 13:15:01,959 - root - INFO - EMB_DIR: C:\Users\BH RENOVATIONS\intelligent-monitoring-system\models\embeddings
2026-02-23 13:15:01,959 - root - INFO - DB: C:\Users\BH RENOVATIONS\intelligent-monitoring-system\data\db\attendances.db
2026-02-23 13:15:01,960 - root - INFO - Loaded 2 known embeddings (dim=512)
2026-02-23 13:15:01,961 - root - INFO - Known identities: ['Amir', 'Nour']
2026-02-23 13:15:01,963 - root - INFO - Loaded 2 check-ins for today from DB.
2026-02-23 13:15:01,963 - root - INFO - Loading InsightFace model (buffalo_l)...
2026-02-23 13:15:03,590 - root - INFO - InsightFace initialized with CUDA provider.
2026-02-23 13:15:03,591 - deep_sort_realtime.deepsort_tracker - INFO - DeepSort Tracker initialised
2026-02-23 13:15:03,591 - deep_sort_realtime.deepsort_tracker - INFO - - max age: 30
2026-02-23 13:15:03,591 - deep_sort_realtime.deepsort_tracker - INFO - - appearance threshold: 0.4
2026-02-23 13:15:03,592 - deep_sort_realtime.deepsort_tracker - INFO - - nms threshold: OFF
2026-02-23 13:15:03,592 - deep_sort_realtime.deepsort_tracker - INFO - - max num of appearance features: 100
2026-02-23 13:15:03,592 - deep_sort_realtime.deepsort_tracker - INFO - - overriding track class : No
2026-02-23 13:15:03,592 - deep_sort_realtime.deepsort_tracker - INFO - - today given : No
2026-02-23 13:15:03,592 - deep_sort_realtime.deepsort_tracker - INFO - - in-build embedder : No
2026-02-23 13:15:03,592 - deep_sort_realtime.deepsort_tracker - INFO - - polygon detections : No
2026-02-23 13:15:03,594 - root - INFO - DeepSORT tracker initialized.
2026-02-23 13:15:03,938 - root - INFO - MiniFASNet loaded on cuda: 2.7_80x80_MiniFASNetV2.pth, 4_0_0_80x80_MiniFASNetV1SE.pth
2026-02-23 13:15:03,938 - root - INFO - MiniFASNet classes imported from: C:\Users\BH RENOVATIONS\intelligent-monitoring-system\src\model_lib\MiniFASNet.py
2026-02-23 13:15:03,939 - root - INFO - Anti-spoofing ENABLED (MiniFASNet ensemble + CropImage patches).
2026-02-23 13:15:03,939 - root - INFO - Pipeline: InsightFace -> DeepSORT -> CropImage -> MiniFASNet -> Attendance
2026-02-23 13:15:05,915 - root - INFO - Warming up RTSP stream...
2026-02-23 13:15:06,380 - root - INFO - Got 15/15 frames
2026-02-23 13:15:06,889 - root - INFO - RTSP open: True
2026-02-23 13:15:40,854 - root - INFO - Ctrl+C detected. Shutting down gracefully...
2026-02-23 13:15:40,855 - root - INFO - Cleaning up...
2026-02-23 13:15:40,863 - root - INFO - Done.
2026-02-23 13:19:32,535 - root - INFO - STARTING attendance (RTSP + InsightFace + DeepSORT + MiniFASNet)
2026-02-23 13:19:32,536 - root - INFO - ROOT: C:\Users\BH RENOVATIONS\intelligent-monitoring-system
2026-02-23 13:19:32,536 - root - INFO - EMB_DIR: C:\Users\BH RENOVATIONS\intelligent-monitoring-system\models\embeddings
2026-02-23 13:19:32,536 - root - INFO - DB: C:\Users\BH RENOVATIONS\intelligent-monitoring-system\data\db\attendances.db
2026-02-23 13:19:32,539 - root - INFO - Loaded 2 known embeddings (dim=512)
2026-02-23 13:19:32,539 - root - INFO - Known identities: ['Amir', 'Nour']
2026-02-23 13:19:32,542 - root - INFO - Loaded 2 check-ins for today from DB.
2026-02-23 13:19:32,543 - root - INFO - Loading InsightFace model (buffalo_l)...
2026-02-23 13:19:34,069 - root - INFO - InsightFace initialized with CUDA provider.
2026-02-23 13:19:34,070 - deep_sort_realtime.deepsort_tracker - INFO - DeepSort Tracker initialised
2026-02-23 13:19:34,070 - deep_sort_realtime.deepsort_tracker - INFO - - max age: 30
2026-02-23 13:19:34,071 - deep_sort_realtime.deepsort_tracker - INFO - - appearance threshold: 0.4
2026-02-23 13:19:34,071 - deep_sort_realtime.deepsort_tracker - INFO - - nms threshold: OFF
2026-02-23 13:19:34,071 - deep_sort_realtime.deepsort_tracker - INFO - - max num of appearance features: 100
2026-02-23 13:19:34,071 - deep_sort_realtime.deepsort_tracker - INFO - - overriding track class : No
2026-02-23 13:19:34,071 - deep_sort_realtime.deepsort_tracker - INFO - - today given : No
2026-02-23 13:19:34,072 - deep_sort_realtime.deepsort_tracker - INFO - - in-build embedder : No
2026-02-23 13:19:34,072 - deep_sort_realtime.deepsort_tracker - INFO - - polygon detections : No
2026-02-23 13:19:34,072 - root - INFO - DeepSORT tracker initialized.
2026-02-23 13:19:34,430 - root - INFO - MiniFASNet loaded on cuda: 2.7_80x80_MiniFASNetV2.pth, 4_0_0_80x80_MiniFASNetV1SE.pth
2026-02-23 13:19:34,431 - root - INFO - MiniFASNet classes imported from: C:\Users\BH RENOVATIONS\intelligent-monitoring-system\src\model_lib\MiniFASNet.py
2026-02-23 13:19:34,431 - root - INFO - Anti-spoofing ENABLED (MiniFASNet ensemble + CropImage patches).
2026-02-23 13:19:34,431 - root - INFO - Pipeline: InsightFace -> DeepSORT -> CropImage -> MiniFASNet -> Attendance
2026-02-23 13:19:35,482 - root - INFO - Warming up RTSP stream...
2026-02-23 13:19:35,949 - root - INFO - Got 15/15 frames
2026-02-23 13:19:36,461 - root - INFO - RTSP open: True
2026-02-23 13:19:53,773 - root - INFO - Ctrl+C detected. Shutting down gracefully...
2026-02-23 13:19:53,773 - root - INFO - Cleaning up...
2026-02-23 13:19:53,781 - root - INFO - Done.
2026-02-23 13:22:51,694 - root - INFO - STARTING attendance (RTSP + InsightFace + DeepSORT + MiniFASNet)
2026-02-23 13:22:51,694 - root - INFO - ROOT: C:\Users\BH RENOVATIONS\intelligent-monitoring-system
2026-02-23 13:22:51,694 - root - INFO - EMB_DIR: C:\Users\BH RENOVATIONS\intelligent-monitoring-system\models\embeddings
2026-02-23 13:22:51,695 - root - INFO - DB: C:\Users\BH RENOVATIONS\intelligent-monitoring-system\data\db\attendances.db
2026-02-23 13:22:51,696 - root - INFO - Loaded 2 known embeddings (dim=512)
2026-02-23 13:22:51,697 - root - INFO - Known identities: ['Amir', 'Nour']
2026-02-23 13:22:51,699 - root - INFO - Loaded 2 check-ins for today from DB.
2026-02-23 13:22:51,699 - root - INFO - Loading InsightFace model (buffalo_l)...
2026-02-23 13:22:53,204 - root - INFO - InsightFace initialized with CUDA provider.
2026-02-23 13:22:53,205 - deep_sort_realtime.deepsort_tracker - INFO - DeepSort Tracker initialised
2026-02-23 13:22:53,205 - deep_sort_realtime.deepsort_tracker - INFO - - max age: 30
2026-02-23 13:22:53,206 - deep_sort_realtime.deepsort_tracker - INFO - - appearance threshold: 0.4
2026-02-23 13:22:53,206 - deep_sort_realtime.deepsort_tracker - INFO - - nms threshold: OFF
2026-02-23 13:22:53,206 - deep_sort_realtime.deepsort_tracker - INFO - - max num of appearance features: 100
2026-02-23 13:22:53,206 - deep_sort_realtime.deepsort_tracker - INFO - - overriding track class : No
2026-02-23 13:22:53,206 - deep_sort_realtime.deepsort_tracker - INFO - - today given : No
2026-02-23 13:22:53,207 - deep_sort_realtime.deepsort_tracker - INFO - - in-build embedder : No
2026-02-23 13:22:53,207 - deep_sort_realtime.deepsort_tracker - INFO - - polygon detections : No
2026-02-23 13:22:53,207 - root - INFO - DeepSORT tracker initialized.
2026-02-23 13:22:53,533 - root - INFO - MiniFASNet loaded on cuda: 2.7_80x80_MiniFASNetV2.pth, 4_0_0_80x80_MiniFASNetV1SE.pth
2026-02-23 13:22:53,533 - root - INFO - MiniFASNet classes imported from: C:\Users\BH RENOVATIONS\intelligent-monitoring-system\src\model_lib\MiniFASNet.py
2026-02-23 13:22:53,533 - root - INFO - Anti-spoofing ENABLED (MiniFASNet ensemble + CropImage patches).
2026-02-23 13:22:53,534 - root - INFO - Pipeline: InsightFace -> DeepSORT -> CropImage -> MiniFASNet -> Attendance
2026-02-23 13:22:54,551 - root - INFO - Warming up RTSP stream...
2026-02-23 13:22:55,010 - root - INFO - Got 15/15 frames
2026-02-23 13:22:55,519 - root - INFO - RTSP open: True
2026-02-23 13:22:56,104 - root - INFO - Cleaning up...
2026-02-23 13:22:56,140 - root - INFO - Done.
2026-02-23 13:23:36,044 - root - INFO - STARTING attendance (RTSP + InsightFace + DeepSORT + MiniFASNet)
2026-02-23 13:23:36,044 - root - INFO - ROOT: C:\Users\BH RENOVATIONS\intelligent-monitoring-system
2026-02-23 13:23:36,044 - root - INFO - EMB_DIR: C:\Users\BH RENOVATIONS\intelligent-monitoring-system\models\embeddings
2026-02-23 13:23:36,044 - root - INFO - DB: C:\Users\BH RENOVATIONS\intelligent-monitoring-system\data\db\attendances.db
2026-02-23 13:23:36,046 - root - INFO - Loaded 2 known embeddings (dim=512)
2026-02-23 13:23:36,046 - root - INFO - Known identities: ['Amir', 'Nour']
2026-02-23 13:23:36,048 - root - INFO - Loaded 2 check-ins for today from DB.
2026-02-23 13:23:36,048 - root - INFO - Loading InsightFace model (buffalo_l)...
2026-02-23 13:23:37,488 - root - INFO - InsightFace initialized with CUDA provider.
2026-02-23 13:23:37,490 - deep_sort_realtime.deepsort_tracker - INFO - DeepSort Tracker initialised
2026-02-23 13:23:37,490 - deep_sort_realtime.deepsort_tracker - INFO - - max age: 30
2026-02-23 13:23:37,490 - deep_sort_realtime.deepsort_tracker - INFO - - appearance threshold: 0.4
2026-02-23 13:23:37,490 - deep_sort_realtime.deepsort_tracker - INFO - - nms threshold: OFF
2026-02-23 13:23:37,491 - deep_sort_realtime.deepsort_tracker - INFO - - max num of appearance features: 100
2026-02-23 13:23:37,491 - deep_sort_realtime.deepsort_tracker - INFO - - overriding track class : No
2026-02-23 13:23:37,491 - deep_sort_realtime.deepsort_tracker - INFO - - today given : No
2026-02-23 13:23:37,491 - deep_sort_realtime.deepsort_tracker - INFO - - in-build embedder : No
2026-02-23 13:23:37,491 - deep_sort_realtime.deepsort_tracker - INFO - - polygon detections : No
2026-02-23 13:23:37,492 - root - INFO - DeepSORT tracker initialized.
2026-02-23 13:23:37,841 - root - INFO - MiniFASNet loaded on cuda: 2.7_80x80_MiniFASNetV2.pth, 4_0_0_80x80_MiniFASNetV1SE.pth
2026-02-23 13:23:37,842 - root - INFO - MiniFASNet classes imported from: C:\Users\BH RENOVATIONS\intelligent-monitoring-system\src\model_lib\MiniFASNet.py
2026-02-23 13:23:37,843 - root - INFO - Anti-spoofing ENABLED (MiniFASNet ensemble + CropImage patches).
2026-02-23 13:23:37,843 - root - INFO - Pipeline: InsightFace -> DeepSORT -> CropImage -> MiniFASNet -> Attendance
2026-02-23 13:23:38,870 - root - INFO - Warming up RTSP stream...
2026-02-23 13:23:39,338 - root - INFO - Got 15/15 frames
2026-02-23 13:23:39,847 - root - INFO - RTSP open: True
2026-02-23 13:23:42,551 - root - INFO - Cleaning up...
2026-02-23 13:23:42,595 - root - INFO - Done.
2026-02-23 13:30:15,842 - root - INFO - STARTING attendance (RTSP + InsightFace + DeepSORT + MiniFASNet)
2026-02-23 13:30:15,843 - root - INFO - ROOT: C:\Users\BH RENOVATIONS\intelligent-monitoring-system
2026-02-23 13:30:15,843 - root - INFO - EMB_DIR: C:\Users\BH RENOVATIONS\intelligent-monitoring-system\models\embeddings
2026-02-23 13:30:15,843 - root - INFO - DB: C:\Users\BH RENOVATIONS\intelligent-monitoring-system\data\db\attendances.db
2026-02-23 13:30:15,845 - root - INFO - Loaded 2 known embeddings (dim=512)
2026-02-23 13:30:15,845 - root - INFO - Known identities: ['Amir', 'Nour']
2026-02-23 13:30:15,847 - root - INFO - Loaded 2 check-ins for today from DB.
2026-02-23 13:30:15,848 - root - INFO - Loading InsightFace model (buffalo_l)...
2026-02-23 13:30:17,340 - root - INFO - InsightFace initialized with CUDA provider.
2026-02-23 13:30:17,341 - deep_sort_realtime.deepsort_tracker - INFO - DeepSort Tracker initialised
2026-02-23 13:30:17,342 - deep_sort_realtime.deepsort_tracker - INFO - - max age: 30
2026-02-23 13:30:17,343 - deep_sort_realtime.deepsort_tracker - INFO - - appearance threshold: 0.4
2026-02-23 13:30:17,343 - deep_sort_realtime.deepsort_tracker - INFO - - nms threshold: OFF
2026-02-23 13:30:17,343 - deep_sort_realtime.deepsort_tracker - INFO - - max num of appearance features: 100
2026-02-23 13:30:17,344 - deep_sort_realtime.deepsort_tracker - INFO - - overriding track class : No
2026-02-23 13:30:17,344 - deep_sort_realtime.deepsort_tracker - INFO - - today given : No
2026-02-23 13:30:17,344 - deep_sort_realtime.deepsort_tracker - INFO - - in-build embedder : No
2026-02-23 13:30:17,344 - deep_sort_realtime.deepsort_tracker - INFO - - polygon detections : No
2026-02-23 13:30:17,344 - root - INFO - DeepSORT tracker initialized.
2026-02-23 13:30:17,672 - root - INFO - MiniFASNet loaded on cuda: 2.7_80x80_MiniFASNetV2.pth, 4_0_0_80x80_MiniFASNetV1SE.pth
2026-02-23 13:30:17,672 - root - INFO - MiniFASNet classes imported from: C:\Users\BH RENOVATIONS\intelligent-monitoring-system\src\model_lib\MiniFASNet.py
2026-02-23 13:30:17,673 - root - INFO - Anti-spoofing ENABLED (MiniFASNet ensemble + CropImage patches).
2026-02-23 13:30:17,673 - root - INFO - Pipeline: InsightFace -> DeepSORT -> CropImage -> MiniFASNet -> Attendance
2026-02-23 13:30:18,712 - root - INFO - Warming up RTSP stream...
2026-02-23 13:30:19,171 - root - INFO - Got 15/15 frames
2026-02-23 13:30:19,681 - root - INFO - RTSP open: True
2026-02-23 13:30:45,053 - root - WARNING - No frame (1/15) - retrying...
2026-02-23 13:30:45,363 - root - WARNING - No frame (6/15) - retrying...
2026-02-23 13:30:45,670 - root - WARNING - No frame (11/15) - retrying...
2026-02-23 13:30:45,981 - root - WARNING - No frame (16/15) - retrying...
2026-02-23 13:30:45,981 - root - WARNING - Stream loss detected. Reconnecting...
2026-02-23 13:30:48,058 - root - INFO - Warming up RTSP stream...
2026-02-23 13:30:48,515 - root - INFO - Got 15/15 frames
2026-02-23 13:30:53,498 - root - WARNING - No frame (1/15) - retrying...
2026-02-23 13:30:53,806 - root - WARNING - No frame (6/15) - retrying...
2026-02-23 13:30:54,115 - root - WARNING - No frame (11/15) - retrying...
2026-02-23 13:30:54,424 - root - WARNING - No frame (16/15) - retrying...
2026-02-23 13:30:54,424 - root - WARNING - Stream loss detected. Reconnecting...
2026-02-23 13:30:56,454 - root - INFO - Warming up RTSP stream...
2026-02-23 13:30:56,917 - root - INFO - Got 15/15 frames
2026-02-23 13:30:59,902 - root - INFO - Ctrl+C detected. Shutting down gracefully...
2026-02-23 13:30:59,902 - root - INFO - Cleaning up...
2026-02-23 13:30:59,909 - root - INFO - Done.
2026-02-23 13:33:51,421 - root - INFO - STARTING attendance (RTSP + InsightFace + DeepSORT + MiniFASNet)
2026-02-23 13:33:51,421 - root - INFO - ROOT: C:\Users\BH RENOVATIONS\intelligent-monitoring-system
2026-02-23 13:33:51,422 - root - INFO - EMB_DIR: C:\Users\BH RENOVATIONS\intelligent-monitoring-system\models\embeddings
2026-02-23 13:33:51,422 - root - INFO - DB: C:\Users\BH RENOVATIONS\intelligent-monitoring-system\data\db\attendances.db
2026-02-23 13:33:51,423 - root - INFO - Loaded 2 known embeddings (dim=512)
2026-02-23 13:33:51,423 - root - INFO - Known identities: ['Amir', 'Nour']
2026-02-23 13:33:51,425 - root - INFO - Loaded 2 check-ins for today from DB.
2026-02-23 13:33:51,425 - root - INFO - Loading InsightFace model (buffalo_l)...
2026-02-23 13:33:52,892 - root - INFO - InsightFace initialized with CUDA provider.
2026-02-23 13:33:52,894 - deep_sort_realtime.deepsort_tracker - INFO - DeepSort Tracker initialised
2026-02-23 13:33:52,894 - deep_sort_realtime.deepsort_tracker - INFO - - max age: 30
2026-02-23 13:33:52,894 - deep_sort_realtime.deepsort_tracker - INFO - - appearance threshold: 0.4
2026-02-23 13:33:52,894 - deep_sort_realtime.deepsort_tracker - INFO - - nms threshold: OFF
2026-02-23 13:33:52,894 - deep_sort_realtime.deepsort_tracker - INFO - - max num of appearance features: 100
2026-02-23 13:33:52,894 - deep_sort_realtime.deepsort_tracker - INFO - - overriding track class : No
2026-02-23 13:33:52,895 - deep_sort_realtime.deepsort_tracker - INFO - - today given : No
2026-02-23 13:33:52,895 - deep_sort_realtime.deepsort_tracker - INFO - - in-build embedder : No
2026-02-23 13:33:52,895 - deep_sort_realtime.deepsort_tracker - INFO - - polygon detections : No
2026-02-23 13:33:52,895 - root - INFO - DeepSORT tracker initialized.
2026-02-23 13:33:53,228 - root - INFO - MiniFASNet loaded on cuda: 2.7_80x80_MiniFASNetV2.pth, 4_0_0_80x80_MiniFASNetV1SE.pth
2026-02-23 13:33:53,228 - root - INFO - MiniFASNet classes imported from: C:\Users\BH RENOVATIONS\intelligent-monitoring-system\src\model_lib\MiniFASNet.py
2026-02-23 13:33:53,229 - root - INFO - Anti-spoofing ENABLED (MiniFASNet ensemble + CropImage patches).
2026-02-23 13:33:53,229 - root - INFO - Pipeline: InsightFace -> DeepSORT -> CropImage -> MiniFASNet -> Attendance
2026-02-23 13:33:54,292 - root - INFO - Warming up RTSP stream...
2026-02-23 13:33:54,765 - root - INFO - Got 15/15 frames
2026-02-23 13:33:55,277 - root - INFO - RTSP open: True
2026-02-23 13:34:14,584 - root - WARNING - No frame (1/15) - retrying...
2026-02-23 13:34:14,894 - root - WARNING - No frame (6/15) - retrying...
2026-02-23 13:34:15,202 - root - WARNING - No frame (11/15) - retrying...
2026-02-23 13:34:15,512 - root - WARNING - No frame (16/15) - retrying...
2026-02-23 13:34:15,512 - root - WARNING - Stream loss detected. Reconnecting...
2026-02-23 13:34:18,364 - root - INFO - Warming up RTSP stream...
2026-02-23 13:34:18,826 - root - INFO - Got 15/15 frames
2026-02-23 13:34:21,026 - root - INFO - Ctrl+C detected. Shutting down gracefully...
2026-02-23 13:34:21,026 - root - INFO - Cleaning up...
2026-02-23 13:34:21,034 - root - INFO - Done.
2026-02-23 13:34:48,713 - root - INFO - STARTING attendance (RTSP + InsightFace + DeepSORT + MiniFASNet)
2026-02-23 13:34:48,714 - root - INFO - ROOT: C:\Users\BH RENOVATIONS\intelligent-monitoring-system
2026-02-23 13:34:48,714 - root - INFO - EMB_DIR: C:\Users\BH RENOVATIONS\intelligent-monitoring-system\models\embeddings
2026-02-23 13:34:48,714 - root - INFO - DB: C:\Users\BH RENOVATIONS\intelligent-monitoring-system\data\db\attendances.db
2026-02-23 13:34:48,715 - root - INFO - Loaded 2 known embeddings (dim=512)
2026-02-23 13:34:48,716 - root - INFO - Known identities: ['Amir', 'Nour']
2026-02-23 13:34:48,718 - root - INFO - Loaded 2 check-ins for today from DB.
2026-02-23 13:34:48,718 - root - INFO - Loading InsightFace model (buffalo_l)...
2026-02-23 13:34:50,165 - root - INFO - InsightFace initialized with CUDA provider.
2026-02-23 13:34:50,166 - deep_sort_realtime.deepsort_tracker - INFO - DeepSort Tracker initialised
2026-02-23 13:34:50,167 - deep_sort_realtime.deepsort_tracker - INFO - - max age: 30
2026-02-23 13:34:50,167 - deep_sort_realtime.deepsort_tracker - INFO - - appearance threshold: 0.4
2026-02-23 13:34:50,167 - deep_sort_realtime.deepsort_tracker - INFO - - nms threshold: OFF
2026-02-23 13:34:50,167 - deep_sort_realtime.deepsort_tracker - INFO - - max num of appearance features: 100
2026-02-23 13:34:50,167 - deep_sort_realtime.deepsort_tracker - INFO - - overriding track class : No
2026-02-23 13:34:50,168 - deep_sort_realtime.deepsort_tracker - INFO - - today given : No
2026-02-23 13:34:50,168 - deep_sort_realtime.deepsort_tracker - INFO - - in-build embedder : No
2026-02-23 13:34:50,168 - deep_sort_realtime.deepsort_tracker - INFO - - polygon detections : No
2026-02-23 13:34:50,168 - root - INFO - DeepSORT tracker initialized.
2026-02-23 13:34:50,490 - root - INFO - MiniFASNet loaded on cuda: 2.7_80x80_MiniFASNetV2.pth, 4_0_0_80x80_MiniFASNetV1SE.pth
2026-02-23 13:34:50,490 - root - INFO - MiniFASNet classes imported from: C:\Users\BH RENOVATIONS\intelligent-monitoring-system\src\model_lib\MiniFASNet.py
2026-02-23 13:34:50,490 - root - INFO - Anti-spoofing ENABLED (MiniFASNet ensemble + CropImage patches).
2026-02-23 13:34:50,490 - root - INFO - Pipeline: InsightFace -> DeepSORT -> CropImage -> MiniFASNet -> Attendance
2026-02-23 13:34:51,554 - root - INFO - Warming up RTSP stream...
2026-02-23 13:34:52,016 - root - INFO - Got 15/15 frames
2026-02-23 13:34:52,527 - root - INFO - RTSP open: True
2026-02-23 13:35:44,010 - root - INFO - Ctrl+C detected. Shutting down gracefully...
2026-02-23 13:35:44,011 - root - INFO - Cleaning up...
2026-02-23 13:35:44,018 - root - INFO - Done.
2026-02-23 13:35:55,122 - root - INFO - STARTING attendance (RTSP + InsightFace + DeepSORT + MiniFASNet)
2026-02-23 13:35:55,122 - root - INFO - ROOT: C:\Users\BH RENOVATIONS\intelligent-monitoring-system
2026-02-23 13:35:55,123 - root - INFO - EMB_DIR: C:\Users\BH RENOVATIONS\intelligent-monitoring-system\models\embeddings
2026-02-23 13:35:55,123 - root - INFO - DB: C:\Users\BH RENOVATIONS\intelligent-monitoring-system\data\db\attendances.db
2026-02-23 13:35:55,124 - root - INFO - Loaded 2 known embeddings (dim=512)
2026-02-23 13:35:55,124 - root - INFO - Known identities: ['Amir', 'Nour']
2026-02-23 13:35:55,126 - root - INFO - Loaded 2 check-ins for today from DB.
2026-02-23 13:35:55,127 - root - INFO - Loading InsightFace model (buffalo_l)...
2026-02-23 13:35:56,714 - root - INFO - InsightFace initialized with CUDA provider.
2026-02-23 13:35:56,714 - deep_sort_realtime.deepsort_tracker - INFO - DeepSort Tracker initialised
2026-02-23 13:35:56,714 - deep_sort_realtime.deepsort_tracker - INFO - - max age: 30
2026-02-23 13:35:56,715 - deep_sort_realtime.deepsort_tracker - INFO - - appearance threshold: 0.4
2026-02-23 13:35:56,715 - deep_sort_realtime.deepsort_tracker - INFO - - nms threshold: OFF
2026-02-23 13:35:56,715 - deep_sort_realtime.deepsort_tracker - INFO - - max num of appearance features: 100
2026-02-23 13:35:56,716 - deep_sort_realtime.deepsort_tracker - INFO - - overriding track class : No
2026-02-23 13:35:56,716 - deep_sort_realtime.deepsort_tracker - INFO - - today given : No
2026-02-23 13:35:56,716 - deep_sort_realtime.deepsort_tracker - INFO - - in-build embedder : No
2026-02-23 13:35:56,716 - deep_sort_realtime.deepsort_tracker - INFO - - polygon detections : No
2026-02-23 13:35:56,716 - root - INFO - DeepSORT tracker initialized.
2026-02-23 13:35:57,042 - root - INFO - MiniFASNet loaded on cuda: 2.7_80x80_MiniFASNetV2.pth, 4_0_0_80x80_MiniFASNetV1SE.pth
2026-02-23 13:35:57,043 - root - INFO - MiniFASNet classes imported from: C:\Users\BH RENOVATIONS\intelligent-monitoring-system\src\model_lib\MiniFASNet.py
2026-02-23 13:35:57,043 - root - INFO - Anti-spoofing ENABLED (MiniFASNet ensemble + CropImage patches).
2026-02-23 13:35:57,043 - root - INFO - Pipeline: InsightFace -> DeepSORT -> CropImage -> MiniFASNet -> Attendance
2026-02-23 13:35:58,076 - root - INFO - Warming up RTSP stream...
2026-02-23 13:35:58,542 - root - INFO - Got 15/15 frames
2026-02-23 13:35:59,053 - root - INFO - RTSP open: True
2026-02-23 13:36:24,352 - root - WARNING - No frame (1/15) - retrying...
2026-02-23 13:36:24,654 - root - WARNING - No frame (6/15) - retrying...
2026-02-23 13:36:24,964 - root - WARNING - No frame (11/15) - retrying...
2026-02-23 13:36:25,274 - root - WARNING - No frame (16/15) - retrying...
2026-02-23 13:36:25,274 - root - WARNING - Stream loss detected. Reconnecting...
2026-02-23 13:36:27,343 - root - INFO - Warming up RTSP stream...
2026-02-23 13:36:27,805 - root - INFO - Got 15/15 frames
2026-02-23 13:36:39,037 - root - INFO - Ctrl+C detected. Shutting down gracefully...
2026-02-23 13:36:39,037 - root - INFO - Cleaning up...
2026-02-23 13:36:39,046 - root - INFO - Done.
2026-02-23 13:45:24,683 - root - INFO - STARTING attendance (RTSP + InsightFace + DeepSORT + MiniFASNet)
2026-02-23 13:45:24,683 - root - INFO - ROOT: C:\Users\BH RENOVATIONS\intelligent-monitoring-system
2026-02-23 13:45:24,683 - root - INFO - EMB_DIR: C:\Users\BH RENOVATIONS\intelligent-monitoring-system\models\embeddings
2026-02-23 13:45:24,683 - root - INFO - DB: C:\Users\BH RENOVATIONS\intelligent-monitoring-system\data\db\attendances.db
2026-02-23 13:45:24,685 - root - INFO - Loaded 2 known embeddings (dim=512)
2026-02-23 13:45:24,686 - root - INFO - Known identities: ['Amir', 'Nour']
2026-02-23 13:45:24,688 - root - INFO - Loaded 2 check-ins for today from DB.
2026-02-23 13:45:24,688 - root - INFO - Loading InsightFace model (buffalo_l)...
2026-02-23 13:45:26,347 - root - INFO - InsightFace initialized with CUDA provider.
2026-02-23 13:45:26,348 - deep_sort_realtime.deepsort_tracker - INFO - DeepSort Tracker initialised
2026-02-23 13:45:26,348 - deep_sort_realtime.deepsort_tracker - INFO - - max age: 30
2026-02-23 13:45:26,348 - deep_sort_realtime.deepsort_tracker - INFO - - appearance threshold: 0.4
2026-02-23 13:45:26,348 - deep_sort_realtime.deepsort_tracker - INFO - - nms threshold: OFF
2026-02-23 13:45:26,349 - deep_sort_realtime.deepsort_tracker - INFO - - max num of appearance features: 100
2026-02-23 13:45:26,349 - deep_sort_realtime.deepsort_tracker - INFO - - overriding track class : No
2026-02-23 13:45:26,349 - deep_sort_realtime.deepsort_tracker - INFO - - today given : No
2026-02-23 13:45:26,349 - deep_sort_realtime.deepsort_tracker - INFO - - in-build embedder : No
2026-02-23 13:45:26,350 - deep_sort_realtime.deepsort_tracker - INFO - - polygon detections : No
2026-02-23 13:45:26,350 - root - INFO - DeepSORT tracker initialized.
2026-02-23 13:45:26,699 - root - INFO - MiniFASNet loaded on cuda: 2.7_80x80_MiniFASNetV2.pth, 4_0_0_80x80_MiniFASNetV1SE.pth
2026-02-23 13:45:26,700 - root - INFO - MiniFASNet classes imported from: C:\Users\BH RENOVATIONS\intelligent-monitoring-system\src\model_lib\MiniFASNet.py
2026-02-23 13:45:26,700 - root - INFO - Anti-spoofing ENABLED (MiniFASNet ensemble + CropImage patches).
2026-02-23 13:45:26,702 - root - INFO - Pipeline: InsightFace -> DeepSORT -> CropImage -> MiniFASNet -> Attendance
2026-02-23 13:45:27,748 - root - INFO - Warming up RTSP stream...
2026-02-23 13:45:28,205 - root - INFO - Got 15/15 frames
2026-02-23 13:45:28,718 - root - INFO - RTSP open: True
2026-02-23 13:46:40,571 - root - INFO - Ctrl+C detected. Shutting down gracefully...
2026-02-23 13:46:40,572 - root - INFO - Cleaning up...
2026-02-23 13:46:40,578 - root - INFO - Done.
2026-02-23 13:51:07,812 - root - INFO - STARTING attendance (RTSP + InsightFace + DeepSORT + MiniFASNet)
2026-02-23 13:51:07,813 - root - INFO - ROOT: C:\Users\BH RENOVATIONS\intelligent-monitoring-system
2026-02-23 13:51:07,813 - root - INFO - EMB_DIR: C:\Users\BH RENOVATIONS\intelligent-monitoring-system\models\embeddings
2026-02-23 13:51:07,813 - root - INFO - DB: C:\Users\BH RENOVATIONS\intelligent-monitoring-system\data\db\attendances.db
2026-02-23 13:51:07,815 - root - INFO - Loaded 2 known embeddings (dim=512)
2026-02-23 13:51:07,815 - root - INFO - Known identities: ['Amir', 'Nour']
2026-02-23 13:51:07,817 - root - INFO - Loaded 2 check-ins for today from DB.
2026-02-23 13:51:07,817 - root - INFO - Loading InsightFace model (buffalo_l)...
2026-02-23 13:51:09,385 - root - INFO - InsightFace initialized with CUDA provider.
2026-02-23 13:51:09,386 - deep_sort_realtime.deepsort_tracker - INFO - DeepSort Tracker initialised
2026-02-23 13:51:09,386 - deep_sort_realtime.deepsort_tracker - INFO - - max age: 30
2026-02-23 13:51:09,386 - deep_sort_realtime.deepsort_tracker - INFO - - appearance threshold: 0.4
2026-02-23 13:51:09,386 - deep_sort_realtime.deepsort_tracker - INFO - - nms threshold: OFF
2026-02-23 13:51:09,388 - deep_sort_realtime.deepsort_tracker - INFO - - max num of appearance features: 100
2026-02-23 13:51:09,388 - deep_sort_realtime.deepsort_tracker - INFO - - overriding track class : No
2026-02-23 13:51:09,388 - deep_sort_realtime.deepsort_tracker - INFO - - today given : No
2026-02-23 13:51:09,388 - deep_sort_realtime.deepsort_tracker - INFO - - in-build embedder : No
2026-02-23 13:51:09,388 - deep_sort_realtime.deepsort_tracker - INFO - - polygon detections : No
2026-02-23 13:51:09,388 - root - INFO - DeepSORT tracker initialized.
2026-02-23 13:51:09,750 - root - INFO - MiniFASNet loaded on cuda: 2.7_80x80_MiniFASNetV2.pth, 4_0_0_80x80_MiniFASNetV1SE.pth
2026-02-23 13:51:09,750 - root - INFO - MiniFASNet classes imported from: C:\Users\BH RENOVATIONS\intelligent-monitoring-system\src\model_lib\MiniFASNet.py
2026-02-23 13:51:09,751 - root - INFO - Anti-spoofing ENABLED (MiniFASNet ensemble + CropImage patches).
2026-02-23 13:51:09,751 - root - INFO - Pipeline: InsightFace -> DeepSORT -> CropImage -> MiniFASNet -> Attendance
2026-02-23 13:51:10,801 - root - INFO - Warming up RTSP stream...
2026-02-23 13:51:11,259 - root - INFO - Got 15/15 frames
2026-02-23 13:51:11,771 - root - INFO - RTSP open: True
2026-02-23 13:51:25,197 - root - WARNING - No frame (1/15) - retrying...
2026-02-23 13:51:25,505 - root - WARNING - No frame (6/15) - retrying...
2026-02-23 13:51:25,814 - root - WARNING - No frame (11/15) - retrying...
2026-02-23 13:51:26,125 - root - WARNING - No frame (16/15) - retrying...
2026-02-23 13:51:26,125 - root - WARNING - Stream loss detected. Reconnecting...
2026-02-23 13:51:28,160 - root - INFO - Warming up RTSP stream...
2026-02-23 13:51:28,625 - root - INFO - Got 15/15 frames
2026-02-23 13:51:31,159 - root - INFO - Ctrl+C detected. Shutting down gracefully...
2026-02-23 13:51:31,161 - root - INFO - Cleaning up...
2026-02-23 13:51:31,168 - root - INFO - Done.
2026-02-23 13:52:04,450 - root - INFO - STARTING attendance (RTSP + InsightFace + DeepSORT + MiniFASNet)
2026-02-23 13:52:04,450 - root - INFO - ROOT: C:\Users\BH RENOVATIONS\intelligent-monitoring-system
2026-02-23 13:52:04,451 - root - INFO - EMB_DIR: C:\Users\BH RENOVATIONS\intelligent-monitoring-system\models\embeddings
2026-02-23 13:52:04,451 - root - INFO - DB: C:\Users\BH RENOVATIONS\intelligent-monitoring-system\data\db\attendances.db
2026-02-23 13:52:04,452 - root - INFO - Loaded 2 known embeddings (dim=512)
2026-02-23 13:52:04,453 - root - INFO - Known identities: ['Amir', 'Nour']
2026-02-23 13:52:04,455 - root - INFO - Loaded 2 check-ins for today from DB.
2026-02-23 13:52:04,455 - root - INFO - Loading InsightFace model (buffalo_l)...
2026-02-23 13:52:05,926 - root - INFO - InsightFace initialized with CUDA provider.
2026-02-23 13:52:05,927 - deep_sort_realtime.deepsort_tracker - INFO - DeepSort Tracker initialised
2026-02-23 13:52:05,928 - deep_sort_realtime.deepsort_tracker - INFO - - max age: 30
2026-02-23 13:52:05,928 - deep_sort_realtime.deepsort_tracker - INFO - - appearance threshold: 0.4
2026-02-23 13:52:05,928 - deep_sort_realtime.deepsort_tracker - INFO - - nms threshold: OFF
2026-02-23 13:52:05,928 - deep_sort_realtime.deepsort_tracker - INFO - - max num of appearance features: 100
2026-02-23 13:52:05,928 - deep_sort_realtime.deepsort_tracker - INFO - - overriding track class : No
2026-02-23 13:52:05,929 - deep_sort_realtime.deepsort_tracker - INFO - - today given : No
2026-02-23 13:52:05,929 - deep_sort_realtime.deepsort_tracker - INFO - - in-build embedder : No
2026-02-23 13:52:05,929 - deep_sort_realtime.deepsort_tracker - INFO - - polygon detections : No
2026-02-23 13:52:05,929 - root - INFO - DeepSORT tracker initialized.
2026-02-23 13:52:06,254 - root - INFO - MiniFASNet loaded on cuda: 2.7_80x80_MiniFASNetV2.pth, 4_0_0_80x80_MiniFASNetV1SE.pth
2026-02-23 13:52:06,254 - root - INFO - MiniFASNet classes imported from: C:\Users\BH RENOVATIONS\intelligent-monitoring-system\src\model_lib\MiniFASNet.py
2026-02-23 13:52:06,255 - root - INFO - Anti-spoofing ENABLED (MiniFASNet ensemble + CropImage patches).
2026-02-23 13:52:06,255 - root - INFO - Pipeline: InsightFace -> DeepSORT -> CropImage -> MiniFASNet -> Attendance
2026-02-23 13:52:07,310 - root - INFO - Warming up RTSP stream...
2026-02-23 13:52:07,769 - root - INFO - Got 15/15 frames
2026-02-23 13:52:08,279 - root - INFO - RTSP open: True
2026-02-23 13:52:27,539 - root - WARNING - No frame (1/15) - retrying...
2026-02-23 13:52:27,845 - root - WARNING - No frame (6/15) - retrying...
2026-02-23 13:52:28,155 - root - WARNING - No frame (11/15) - retrying...
2026-02-23 13:52:28,464 - root - WARNING - No frame (16/15) - retrying...
2026-02-23 13:52:28,464 - root - WARNING - Stream loss detected. Reconnecting...
2026-02-23 13:52:31,399 - root - INFO - Warming up RTSP stream...
2026-02-23 13:52:31,860 - root - INFO - Got 15/15 frames
2026-02-23 13:52:46,339 - root - INFO - Ctrl+C detected. Shutting down gracefully...
2026-02-23 13:52:46,340 - root - INFO - Cleaning up...
2026-02-23 13:52:46,346 - root - INFO - Done.
2026-02-23 13:52:59,103 - root - INFO - STARTING attendance (RTSP + InsightFace + DeepSORT + MiniFASNet)
2026-02-23 13:52:59,104 - root - INFO - ROOT: C:\Users\BH RENOVATIONS\intelligent-monitoring-system
2026-02-23 13:52:59,104 - root - INFO - EMB_DIR: C:\Users\BH RENOVATIONS\intelligent-monitoring-system\models\embeddings
2026-02-23 13:52:59,104 - root - INFO - DB: C:\Users\BH RENOVATIONS\intelligent-monitoring-system\data\db\attendances.db
2026-02-23 13:52:59,105 - root - INFO - Loaded 2 known embeddings (dim=512)
2026-02-23 13:52:59,106 - root - INFO - Known identities: ['Amir', 'Nour']
2026-02-23 13:52:59,108 - root - INFO - Loaded 2 check-ins for today from DB.
2026-02-23 13:52:59,108 - root - INFO - Loading InsightFace model (buffalo_l)...
2026-02-23 13:53:00,658 - root - INFO - InsightFace initialized with CUDA provider.
2026-02-23 13:53:00,660 - deep_sort_realtime.deepsort_tracker - INFO - DeepSort Tracker initialised
2026-02-23 13:53:00,660 - deep_sort_realtime.deepsort_tracker - INFO - - max age: 30
2026-02-23 13:53:00,661 - deep_sort_realtime.deepsort_tracker - INFO - - appearance threshold: 0.4
2026-02-23 13:53:00,661 - deep_sort_realtime.deepsort_tracker - INFO - - nms threshold: OFF
2026-02-23 13:53:00,661 - deep_sort_realtime.deepsort_tracker - INFO - - max num of appearance features: 100
2026-02-23 13:53:00,663 - deep_sort_realtime.deepsort_tracker - INFO - - overriding track class : No
2026-02-23 13:53:00,663 - deep_sort_realtime.deepsort_tracker - INFO - - today given : No
2026-02-23 13:53:00,663 - deep_sort_realtime.deepsort_tracker - INFO - - in-build embedder : No
2026-02-23 13:53:00,663 - deep_sort_realtime.deepsort_tracker - INFO - - polygon detections : No
2026-02-23 13:53:00,663 - root - INFO - DeepSORT tracker initialized.
2026-02-23 13:53:00,999 - root - INFO - MiniFASNet loaded on cuda: 2.7_80x80_MiniFASNetV2.pth, 4_0_0_80x80_MiniFASNetV1SE.pth
2026-02-23 13:53:00,999 - root - INFO - MiniFASNet classes imported from: C:\Users\BH RENOVATIONS\intelligent-monitoring-system\src\model_lib\MiniFASNet.py
2026-02-23 13:53:01,000 - root - INFO - Anti-spoofing ENABLED (MiniFASNet ensemble + CropImage patches).
2026-02-23 13:53:01,000 - root - INFO - Pipeline: InsightFace -> DeepSORT -> CropImage -> MiniFASNet -> Attendance
2026-02-23 13:53:02,025 - root - INFO - Warming up RTSP stream...
2026-02-23 13:53:02,486 - root - INFO - Got 15/15 frames
2026-02-23 13:53:02,995 - root - INFO - RTSP open: True
2026-02-23 13:53:04,215 - root - WARNING - No frame (1/15) - retrying...
2026-02-23 13:53:04,524 - root - WARNING - No frame (6/15) - retrying...
2026-02-23 13:53:04,834 - root - WARNING - No frame (11/15) - retrying...
2026-02-23 13:53:05,141 - root - WARNING - No frame (16/15) - retrying...
2026-02-23 13:53:05,141 - root - WARNING - Stream loss detected. Reconnecting...
2026-02-23 13:53:07,215 - root - INFO - Warming up RTSP stream...
2026-02-23 13:53:07,671 - root - INFO - Got 15/15 frames
2026-02-23 13:53:15,413 - root - WARNING - No frame (1/15) - retrying...
2026-02-23 13:53:15,721 - root - WARNING - No frame (6/15) - retrying...
2026-02-23 13:53:16,031 - root - WARNING - No frame (11/15) - retrying...
2026-02-23 13:53:16,340 - root - WARNING - No frame (16/15) - retrying...
2026-02-23 13:53:16,340 - root - WARNING - Stream loss detected. Reconnecting...
2026-02-23 13:53:19,303 - root - INFO - Ctrl+C detected. Shutting down gracefully...
2026-02-23 13:53:19,304 - root - INFO - Cleaning up...
2026-02-23 13:53:19,314 - root - INFO - Done.
2026-02-23 13:53:51,829 - root - INFO - STARTING attendance (RTSP + InsightFace + DeepSORT + MiniFASNet)
2026-02-23 13:53:51,829 - root - INFO - ROOT: C:\Users\BH RENOVATIONS\intelligent-monitoring-system
2026-02-23 13:53:51,829 - root - INFO - EMB_DIR: C:\Users\BH RENOVATIONS\intelligent-monitoring-system\models\embeddings
2026-02-23 13:53:51,830 - root - INFO - DB: C:\Users\BH RENOVATIONS\intelligent-monitoring-system\data\db\attendances.db
2026-02-23 13:53:51,831 - root - INFO - Loaded 2 known embeddings (dim=512)
2026-02-23 13:53:51,831 - root - INFO - Known identities: ['Amir', 'Nour']
2026-02-23 13:53:51,833 - root - INFO - Loaded 2 check-ins for today from DB.
2026-02-23 13:53:51,834 - root - INFO - Loading InsightFace model (buffalo_l)...
2026-02-23 13:53:53,343 - root - INFO - InsightFace initialized with CUDA provider.
2026-02-23 13:53:53,343 - deep_sort_realtime.deepsort_tracker - INFO - DeepSort Tracker initialised
2026-02-23 13:53:53,344 - deep_sort_realtime.deepsort_tracker - INFO - - max age: 30
2026-02-23 13:53:53,344 - deep_sort_realtime.deepsort_tracker - INFO - - appearance threshold: 0.4
2026-02-23 13:53:53,344 - deep_sort_realtime.deepsort_tracker - INFO - - nms threshold: OFF
2026-02-23 13:53:53,345 - deep_sort_realtime.deepsort_tracker - INFO - - max num of appearance features: 100
2026-02-23 13:53:53,345 - deep_sort_realtime.deepsort_tracker - INFO - - overriding track class : No
2026-02-23 13:53:53,345 - deep_sort_realtime.deepsort_tracker - INFO - - today given : No
2026-02-23 13:53:53,345 - deep_sort_realtime.deepsort_tracker - INFO - - in-build embedder : No
2026-02-23 13:53:53,345 - deep_sort_realtime.deepsort_tracker - INFO - - polygon detections : No
2026-02-23 13:53:53,345 - root - INFO - DeepSORT tracker initialized.
2026-02-23 13:53:53,712 - root - INFO - MiniFASNet loaded on cuda: 2.7_80x80_MiniFASNetV2.pth, 4_0_0_80x80_MiniFASNetV1SE.pth
2026-02-23 13:53:53,712 - root - INFO - MiniFASNet classes imported from: C:\Users\BH RENOVATIONS\intelligent-monitoring-system\src\model_lib\MiniFASNet.py
2026-02-23 13:53:53,712 - root - INFO - Anti-spoofing ENABLED (MiniFASNet ensemble + CropImage patches).
2026-02-23 13:53:53,713 - root - INFO - Pipeline: InsightFace -> DeepSORT -> CropImage -> MiniFASNet -> Attendance
2026-02-23 13:53:55,424 - root - INFO - Warming up RTSP stream...
2026-02-23 13:53:55,895 - root - INFO - Got 15/15 frames
2026-02-23 13:53:56,404 - root - INFO - RTSP open: True
2026-02-23 13:54:09,631 - root - WARNING - No frame (1/15) - retrying...
2026-02-23 13:54:09,930 - root - WARNING - No frame (6/15) - retrying...
2026-02-23 13:54:10,240 - root - WARNING - No frame (11/15) - retrying...
2026-02-23 13:54:10,546 - root - WARNING - No frame (16/15) - retrying...
2026-02-23 13:54:10,546 - root - WARNING - Stream loss detected. Reconnecting...
2026-02-23 13:54:12,601 - root - INFO - Warming up RTSP stream...
2026-02-23 13:54:13,068 - root - INFO - Got 15/15 frames
2026-02-23 13:54:32,884 - root - WARNING - No frame (1/15) - retrying...
2026-02-23 13:54:33,194 - root - WARNING - No frame (6/15) - retrying...
2026-02-23 13:54:33,507 - root - WARNING - No frame (11/15) - retrying...
2026-02-23 13:54:33,817 - root - WARNING - No frame (16/15) - retrying...
2026-02-23 13:54:33,817 - root - WARNING - Stream loss detected. Reconnecting...
2026-02-23 13:54:36,743 - root - INFO - Warming up RTSP stream...
2026-02-23 13:54:37,210 - root - INFO - Got 15/15 frames
2026-02-23 13:54:47,944 - root - WARNING - No frame (1/15) - retrying...
2026-02-23 13:54:48,256 - root - WARNING - No frame (6/15) - retrying...
2026-02-23 13:54:48,565 - root - WARNING - No frame (11/15) - retrying...
2026-02-23 13:54:48,873 - root - WARNING - No frame (16/15) - retrying...
2026-02-23 13:54:48,873 - root - WARNING - Stream loss detected. Reconnecting...
2026-02-23 13:54:50,933 - root - INFO - Warming up RTSP stream...
2026-02-23 13:54:51,397 - root - INFO - Got 15/15 frames
2026-02-23 13:55:14,165 - root - INFO - Ctrl+C detected. Shutting down gracefully...
2026-02-23 13:55:14,166 - root - INFO - Cleaning up...
2026-02-23 13:55:14,173 - root - INFO - Done.
2026-02-23 13:55:54,423 - root - INFO - STARTING attendance (RTSP + InsightFace + DeepSORT + MiniFASNet)
2026-02-23 13:55:54,424 - root - INFO - ROOT: C:\Users\BH RENOVATIONS\intelligent-monitoring-system
2026-02-23 13:55:54,424 - root - INFO - EMB_DIR: C:\Users\BH RENOVATIONS\intelligent-monitoring-system\models\embeddings
2026-02-23 13:55:54,424 - root - INFO - DB: C:\Users\BH RENOVATIONS\intelligent-monitoring-system\data\db\attendances.db
2026-02-23 13:55:54,425 - root - INFO - Loaded 2 known embeddings (dim=512)
2026-02-23 13:55:54,425 - root - INFO - Known identities: ['Amir', 'Nour']
2026-02-23 13:55:54,427 - root - INFO - Loaded 2 check-ins for today from DB.
2026-02-23 13:55:54,427 - root - INFO - Loading InsightFace model (buffalo_l)...
2026-02-23 13:55:55,937 - root - INFO - InsightFace initialized with CUDA provider.
2026-02-23 13:55:55,938 - deep_sort_realtime.deepsort_tracker - INFO - DeepSort Tracker initialised
2026-02-23 13:55:55,938 - deep_sort_realtime.deepsort_tracker - INFO - - max age: 30
2026-02-23 13:55:55,938 - deep_sort_realtime.deepsort_tracker - INFO - - appearance threshold: 0.4
2026-02-23 13:55:55,939 - deep_sort_realtime.deepsort_tracker - INFO - - nms threshold: OFF
2026-02-23 13:55:55,939 - deep_sort_realtime.deepsort_tracker - INFO - - max num of appearance features: 100
2026-02-23 13:55:55,939 - deep_sort_realtime.deepsort_tracker - INFO - - overriding track class : No
2026-02-23 13:55:55,939 - deep_sort_realtime.deepsort_tracker - INFO - - today given : No
2026-02-23 13:55:55,939 - deep_sort_realtime.deepsort_tracker - INFO - - in-build embedder : No
2026-02-23 13:55:55,939 - deep_sort_realtime.deepsort_tracker - INFO - - polygon detections : No
2026-02-23 13:55:55,940 - root - INFO - DeepSORT tracker initialized.
2026-02-23 13:55:56,262 - root - INFO - MiniFASNet loaded on cuda: 2.7_80x80_MiniFASNetV2.pth, 4_0_0_80x80_MiniFASNetV1SE.pth
2026-02-23 13:55:56,262 - root - INFO - MiniFASNet classes imported from: C:\Users\BH RENOVATIONS\intelligent-monitoring-system\src\model_lib\MiniFASNet.py
2026-02-23 13:55:56,263 - root - INFO - Anti-spoofing ENABLED (MiniFASNet ensemble + CropImage patches).
2026-02-23 13:55:56,263 - root - INFO - Pipeline: InsightFace -> DeepSORT -> CropImage -> MiniFASNet -> Attendance
2026-02-23 13:55:57,310 - root - INFO - Warming up RTSP stream...
2026-02-23 13:55:57,770 - root - INFO - Got 15/15 frames
2026-02-23 13:55:58,278 - root - INFO - RTSP open: True
2026-02-23 13:56:15,001 - root - INFO - Ctrl+C detected. Shutting down gracefully...
2026-02-23 13:56:15,002 - root - INFO - Cleaning up...
2026-02-23 13:56:15,009 - root - INFO - Done.
2026-02-23 14:11:13,054 - root - INFO - STARTING attendance (RTSP + InsightFace + DeepSORT + MiniFASNet)
2026-02-23 14:11:13,054 - root - INFO - ROOT: C:\Users\BH RENOVATIONS\intelligent-monitoring-system
2026-02-23 14:11:13,054 - root - INFO - EMB_DIR: C:\Users\BH RENOVATIONS\intelligent-monitoring-system\models\embeddings
2026-02-23 14:11:13,055 - root - INFO - DB: C:\Users\BH RENOVATIONS\intelligent-monitoring-system\data\db\attendances.db
2026-02-23 14:11:13,056 - root - INFO - Loaded 2 known embeddings (dim=512)
2026-02-23 14:11:13,057 - root - INFO - Known identities: ['Amir', 'Nour']
2026-02-23 14:11:13,059 - root - INFO - Loaded 2 check-ins for today from DB.
2026-02-23 14:11:13,060 - root - INFO - Loading InsightFace model (buffalo_l)...
2026-02-23 14:11:14,860 - root - INFO - InsightFace initialized with CUDA provider.
2026-02-23 14:11:14,860 - deep_sort_realtime.deepsort_tracker - INFO - DeepSort Tracker initialised
2026-02-23 14:11:14,860 - deep_sort_realtime.deepsort_tracker - INFO - - max age: 30
2026-02-23 14:11:14,861 - deep_sort_realtime.deepsort_tracker - INFO - - appearance threshold: 0.4
2026-02-23 14:11:14,861 - deep_sort_realtime.deepsort_tracker - INFO - - nms threshold: OFF
2026-02-23 14:11:14,861 - deep_sort_realtime.deepsort_tracker - INFO - - max num of appearance features: 100
2026-02-23 14:11:14,861 - deep_sort_realtime.deepsort_tracker - INFO - - overriding track class : No
2026-02-23 14:11:14,861 - deep_sort_realtime.deepsort_tracker - INFO - - today given : No
2026-02-23 14:11:14,862 - deep_sort_realtime.deepsort_tracker - INFO - - in-build embedder : No
2026-02-23 14:11:14,862 - deep_sort_realtime.deepsort_tracker - INFO - - polygon detections : No
2026-02-23 14:11:14,862 - root - INFO - DeepSORT tracker initialized.
2026-02-23 14:11:15,221 - root - INFO - MiniFASNet loaded on cuda: 2.7_80x80_MiniFASNetV2.pth, 4_0_0_80x80_MiniFASNetV1SE.pth
2026-02-23 14:11:15,221 - root - INFO - MiniFASNet classes imported from: C:\Users\BH RENOVATIONS\intelligent-monitoring-system\src\model_lib\MiniFASNet.py
2026-02-23 14:11:15,221 - root - INFO - Anti-spoofing ENABLED (MiniFASNet ensemble + CropImage patches).
2026-02-23 14:11:15,222 - root - INFO - Pipeline: InsightFace -> DeepSORT -> CropImage -> MiniFASNet -> Attendance
2026-02-23 14:11:16,271 - root - INFO - RTSP open: True
2026-02-23 14:11:35,900 - root - INFO - Ctrl+C detected. Shutting down gracefully...
2026-02-23 14:11:35,901 - root - INFO - Cleaning up...
2026-02-23 14:11:35,910 - root - INFO - Done.
2026-02-23 14:36:55,914 - root - INFO - STARTING attendance (RTSP + InsightFace + DeepSORT + MiniFASNet)
2026-02-23 14:36:55,914 - root - INFO - ROOT: C:\Users\BH RENOVATIONS\intelligent-monitoring-system
2026-02-23 14:36:55,915 - root - INFO - EMB_DIR: C:\Users\BH RENOVATIONS\intelligent-monitoring-system\models\embeddings
2026-02-23 14:36:55,915 - root - INFO - DB: C:\Users\BH RENOVATIONS\intelligent-monitoring-system\data\db\attendances.db
2026-02-23 14:36:55,916 - root - INFO - Loaded 2 known embeddings (dim=512)
2026-02-23 14:36:55,917 - root - INFO - Known identities: ['Amir', 'Nour']
2026-02-23 14:36:55,919 - root - INFO - Loaded 2 check-ins for today from DB.
2026-02-23 14:36:55,920 - root - INFO - Loading InsightFace model (buffalo_l)...
2026-02-23 14:36:57,927 - root - INFO - InsightFace initialized with CUDA provider.
2026-02-23 14:36:57,928 - deep_sort_realtime.deepsort_tracker - INFO - DeepSort Tracker initialised
2026-02-23 14:36:57,929 - deep_sort_realtime.deepsort_tracker - INFO - - max age: 30
2026-02-23 14:36:57,929 - deep_sort_realtime.deepsort_tracker - INFO - - appearance threshold: 0.4
2026-02-23 14:36:57,929 - deep_sort_realtime.deepsort_tracker - INFO - - nms threshold: OFF
2026-02-23 14:36:57,930 - deep_sort_realtime.deepsort_tracker - INFO - - max num of appearance features: 100
2026-02-23 14:36:57,930 - deep_sort_realtime.deepsort_tracker - INFO - - overriding track class : No
2026-02-23 14:36:57,930 - deep_sort_realtime.deepsort_tracker - INFO - - today given : No
2026-02-23 14:36:57,930 - deep_sort_realtime.deepsort_tracker - INFO - - in-build embedder : No
2026-02-23 14:36:57,930 - deep_sort_realtime.deepsort_tracker - INFO - - polygon detections : No
2026-02-23 14:36:57,931 - root - INFO - DeepSORT tracker initialized.
2026-02-23 14:36:58,259 - root - INFO - MiniFASNet loaded on cuda: 2.7_80x80_MiniFASNetV2.pth, 4_0_0_80x80_MiniFASNetV1SE.pth
2026-02-23 14:36:58,260 - root - INFO - MiniFASNet classes imported from: C:\Users\BH RENOVATIONS\intelligent-monitoring-system\src\model_lib\MiniFASNet.py
2026-02-23 14:36:58,260 - root - INFO - Anti-spoofing ENABLED (MiniFASNet ensemble + CropImage patches).
2026-02-23 14:36:58,260 - root - INFO - Pipeline: InsightFace -> DeepSORT -> CropImage -> MiniFASNet -> Attendance
2026-02-23 14:36:59,373 - root - INFO - RTSP open: True
2026-02-23 14:37:04,256 - root - WARNING - No/invalid frame (1/15) - retrying...
2026-02-23 14:37:04,410 - root - WARNING - No/invalid frame (6/15) - retrying...
2026-02-23 14:37:04,564 - root - WARNING - No/invalid frame (11/15) - retrying...
2026-02-23 14:37:04,717 - root - WARNING - No/invalid frame (16/15) - retrying...
2026-02-23 14:37:04,717 - root - WARNING - Stream loss detected. Reconnecting RTSP...
2026-02-23 14:37:07,476 - root - INFO - Ctrl+C detected. Shutting down gracefully...
2026-02-23 14:37:07,477 - root - INFO - Cleaning up...
2026-02-23 14:37:07,483 - root - INFO - Done.
2026-02-23 14:37:16,293 - root - INFO - STARTING attendance (RTSP + InsightFace + DeepSORT + MiniFASNet)
2026-02-23 14:37:16,294 - root - INFO - ROOT: C:\Users\BH RENOVATIONS\intelligent-monitoring-system
2026-02-23 14:37:16,294 - root - INFO - EMB_DIR: C:\Users\BH RENOVATIONS\intelligent-monitoring-system\models\embeddings
2026-02-23 14:37:16,294 - root - INFO - DB: C:\Users\BH RENOVATIONS\intelligent-monitoring-system\data\db\attendances.db
2026-02-23 14:37:16,296 - root - INFO - Loaded 2 known embeddings (dim=512)
2026-02-23 14:37:16,296 - root - INFO - Known identities: ['Amir', 'Nour']
2026-02-23 14:37:16,298 - root - INFO - Loaded 2 check-ins for today from DB.
2026-02-23 14:37:16,298 - root - INFO - Loading InsightFace model (buffalo_l)...
2026-02-23 14:37:17,789 - root - INFO - InsightFace initialized with CUDA provider.
2026-02-23 14:37:17,790 - deep_sort_realtime.deepsort_tracker - INFO - DeepSort Tracker initialised
2026-02-23 14:37:17,790 - deep_sort_realtime.deepsort_tracker - INFO - - max age: 30
2026-02-23 14:37:17,790 - deep_sort_realtime.deepsort_tracker - INFO - - appearance threshold: 0.4
2026-02-23 14:37:17,790 - deep_sort_realtime.deepsort_tracker - INFO - - nms threshold: OFF
2026-02-23 14:37:17,791 - deep_sort_realtime.deepsort_tracker - INFO - - max num of appearance features: 100
2026-02-23 14:37:17,791 - deep_sort_realtime.deepsort_tracker - INFO - - overriding track class : No
2026-02-23 14:37:17,791 - deep_sort_realtime.deepsort_tracker - INFO - - today given : No
2026-02-23 14:37:17,791 - deep_sort_realtime.deepsort_tracker - INFO - - in-build embedder : No
2026-02-23 14:37:17,791 - deep_sort_realtime.deepsort_tracker - INFO - - polygon detections : No
2026-02-23 14:37:17,791 - root - INFO - DeepSORT tracker initialized.
2026-02-23 14:37:18,118 - root - INFO - MiniFASNet loaded on cuda: 2.7_80x80_MiniFASNetV2.pth, 4_0_0_80x80_MiniFASNetV1SE.pth
2026-02-23 14:37:18,118 - root - INFO - MiniFASNet classes imported from: C:\Users\BH RENOVATIONS\intelligent-monitoring-system\src\model_lib\MiniFASNet.py
2026-02-23 14:37:18,119 - root - INFO - Anti-spoofing ENABLED (MiniFASNet ensemble + CropImage patches).
2026-02-23 14:37:18,119 - root - INFO - Pipeline: InsightFace -> DeepSORT -> CropImage -> MiniFASNet -> Attendance
2026-02-23 14:37:19,485 - root - INFO - RTSP open: True
2026-02-23 14:37:42,787 - root - WARNING - No/invalid frame (1/15) - retrying...
2026-02-23 14:37:42,954 - root - WARNING - No/invalid frame (6/15) - retrying...
2026-02-23 14:37:43,138 - root - WARNING - No/invalid frame (11/15) - retrying...
2026-02-23 14:37:43,294 - root - WARNING - No/invalid frame (16/15) - retrying...
2026-02-23 14:37:43,294 - root - WARNING - Stream loss detected. Reconnecting RTSP...
2026-02-23 14:37:52,027 - root - WARNING - No/invalid frame (1/15) - retrying...
2026-02-23 14:37:52,187 - root - WARNING - No/invalid frame (6/15) - retrying...
2026-02-23 14:37:52,356 - root - WARNING - No/invalid frame (11/15) - retrying...
2026-02-23 14:37:52,511 - root - WARNING - No/invalid frame (16/15) - retrying...
2026-02-23 14:37:52,511 - root - WARNING - Stream loss detected. Reconnecting RTSP...
2026-02-23 14:38:04,661 - root - INFO - Ctrl+C detected. Shutting down gracefully...
2026-02-23 14:38:04,662 - root - INFO - Cleaning up...
2026-02-23 14:38:04,671 - root - INFO - Done.
